/* Insert queries for Store table */
INSERT INTO F18_25_STORE(Store_ID,Store_Name,Contact,Street,city,zip) 
VALUES('S01','Store A','9863456532','2 AstroStreet','Chennai','600014');
INSERT INTO F18_25_STORE(Store_ID,Store_Name,Contact,Street,city,zip) 
VALUES('S02','Store B','8874308832','45 Infinty Complex','Chennai','600026');
INSERT INTO F18_25_STORE(Store_ID,Store_Name,Contact,Street,city,zip) 
VALUES('S03','Store C','8007654432','27 Nehru Street','Chennai','600041');

/* Insert queries for F18_25_Customer table */
INSERT INTO F18_25_Customer(customer_id,First_Name,Last_Name)
VALUES('C001','James','Mary');
INSERT INTO F18_25_Customer(customer_id,First_Name,Last_Name)
VALUES('C002','Robert','Linda');
INSERT INTO F18_25_Customer(customer_id,First_Name,Last_Name)
VALUES('C003','John','Barbara');
INSERT INTO F18_25_Customer(customer_id,First_Name,Last_Name)
VALUES('C004','William','Patricia');
INSERT INTO F18_25_Customer(customer_id,First_Name,Last_Name)
VALUES('C005','Richard','Carol');
INSERT INTO F18_25_Customer(customer_id,First_Name,Last_Name)
VALUES('C006','David','Sandra');
INSERT INTO F18_25_Customer(customer_id,First_Name,Last_Name)
VALUES('C007','Charles','Nancy');
INSERT INTO F18_25_Customer(customer_id,First_Name,Last_Name)
VALUES('C008','Thomas','Sharon');
INSERT INTO F18_25_Customer(customer_id,First_Name,Last_Name)
VALUES('C009','Michael','Judith');
INSERT INTO F18_25_Customer(customer_id,First_Name,Last_Name)
VALUES('C010','Ronald','Susan');
INSERT INTO F18_25_Customer(customer_id,First_Name,Last_Name)
VALUES('C011','Larry','Betty');
INSERT INTO F18_25_Customer(customer_id,First_Name,Last_Name)
VALUES('C012','Donald','Carolyn');
INSERT INTO F18_25_Customer(customer_id,First_Name,Last_Name)
VALUES('C013','Joseph','Margaret');
INSERT INTO F18_25_Customer(customer_id,First_Name,Last_Name)
VALUES('C014','Gary','Shirley');
INSERT INTO F18_25_Customer(customer_id,First_Name,Last_Name)
VALUES('C015','George','Judy');
INSERT INTO F18_25_Customer(customer_id,First_Name,Last_Name)
VALUES('C016','Kenneth','Karen');
INSERT INTO F18_25_Customer(customer_id,First_Name,Last_Name)
VALUES('C017','Paul','Donna');
INSERT INTO F18_25_Customer(customer_id,First_Name,Last_Name)
VALUES('C018','Edward','Kathleen');
INSERT INTO F18_25_Customer(customer_id,First_Name,Last_Name)
VALUES('C019','Jerry','Joyce');
INSERT INTO F18_25_Customer(customer_id,First_Name,Last_Name)
VALUES('C020','Dennis','Dorothy');
INSERT INTO F18_25_Customer(customer_id,First_Name,Last_Name)
VALUES('C021','Frank','Janet');
INSERT INTO F18_25_Customer(customer_id,First_Name,Last_Name)
VALUES('C022','Daniel','Diane');
INSERT INTO F18_25_Customer(customer_id,First_Name,Last_Name)
VALUES('C023','Raymond','Janice');
INSERT INTO F18_25_Customer(customer_id,First_Name,Last_Name)
VALUES('C024','Roger','Joan');
INSERT INTO F18_25_Customer(customer_id,First_Name,Last_Name)
VALUES('C025','Stephen','Elizabeth');
INSERT INTO F18_25_Customer(customer_id,First_Name,Last_Name)
VALUES('C026','Gerald','Brenda');
INSERT INTO F18_25_Customer(customer_id,First_Name,Last_Name)
VALUES('C027','Walter','Gloria');
INSERT INTO F18_25_Customer(customer_id,First_Name,Last_Name)
VALUES('C028','Harold','Virginia');
INSERT INTO F18_25_Customer(customer_id,First_Name,Last_Name)
VALUES('C029','Steven','Marilyn');
INSERT INTO F18_25_Customer(customer_id,First_Name,Last_Name)
VALUES('C030','Douglas','Martha');
INSERT INTO F18_25_Customer(customer_id,First_Name,Last_Name)
VALUES('C031','Lawrence','Beverly');
INSERT INTO F18_25_Customer(customer_id,First_Name,Last_Name)
VALUES('C032','Terry','Helen');
INSERT INTO F18_25_Customer(customer_id,First_Name,Last_Name)
VALUES('C033','Wayne','Bonnie');
INSERT INTO F18_25_Customer(customer_id,First_Name,Last_Name)
VALUES('C034','Arthur','Ruth');
INSERT INTO F18_25_Customer(customer_id,First_Name,Last_Name)
VALUES('C035','Jack','Frances');
INSERT INTO F18_25_Customer(customer_id,First_Name,Last_Name)
VALUES('C036','Carl','Jean');
INSERT INTO F18_25_Customer(customer_id,First_Name,Last_Name)
VALUES('C037','Henry','Ann');
INSERT INTO F18_25_Customer(customer_id,First_Name,Last_Name)
VALUES('C038','Willie','Phyllis');
INSERT INTO F18_25_Customer(customer_id,First_Name,Last_Name)
VALUES('C039','Bruce','Pamela');
INSERT INTO F18_25_Customer(customer_id,First_Name,Last_Name)
VALUES('C040','Joe','Jane');


/* Insert queries for F18_25_Supplier table */
INSERT INTO F18_25_Supplier(Supplier_ID, Supplier_Type, Supplier_Name)
VALUES('SU001','Dairy','James Smith');
INSERT INTO F18_25_Supplier(Supplier_ID, Supplier_Type, Supplier_Name)
VALUES('SU002','Beauty and Cosmetics','Michael Auditore');
INSERT INTO F18_25_Supplier(Supplier_ID, Supplier_Type, Supplier_Name)
VALUES('SU003','Cleaning','Robert Smith');
INSERT INTO F18_25_Supplier(Supplier_ID, Supplier_Type, Supplier_Name)
VALUES('SU004','Food','Maria Garcia');
INSERT INTO F18_25_Supplier(Supplier_ID, Supplier_Type, Supplier_Name)
VALUES('SU005','Beauty and Cosmetics','Shay Cormac');
INSERT INTO F18_25_Supplier(Supplier_ID, Supplier_Type, Supplier_Name)
VALUES('SU006','Food','Paul Rodriguez');
INSERT INTO F18_25_Supplier(Supplier_ID, Supplier_Type, Supplier_Name)
VALUES('SU007','Dairy','Mary Read');
INSERT INTO F18_25_Supplier(Supplier_ID, Supplier_Type, Supplier_Name)
VALUES('SU008','Food','Maria Hernandez');
INSERT INTO F18_25_Supplier(Supplier_ID, Supplier_Type, Supplier_Name)
VALUES('SU009','Cleaning','Anne Martinez');
INSERT INTO F18_25_Supplier(Supplier_ID, Supplier_Type, Supplier_Name)
VALUES('SU010','Dairy','James Johnson');

/* Insert queries for F18_25_Phone table */
INSERT INTO F18_25_Phone(Supp_id,phone_number)
VALUES('SU001',9140273280);
INSERT INTO F18_25_Phone(Supp_id,phone_number)
VALUES('SU001',9945567707);
INSERT INTO F18_25_Phone(Supp_id,phone_number)
VALUES('SU001',9743531286);
INSERT INTO F18_25_Phone(Supp_id,phone_number)
VALUES('SU002',6362452400);
INSERT INTO F18_25_Phone(Supp_id,phone_number)
VALUES('SU003',8939421954);
INSERT INTO F18_25_Phone(Supp_id,phone_number)
VALUES('SU004',9873908771);
INSERT INTO F18_25_Phone(Supp_id,phone_number)
VALUES('SU004',9874205876);
INSERT INTO F18_25_Phone(Supp_id,phone_number)
VALUES('SU004',8828062735);
INSERT INTO F18_25_Phone(Supp_id,phone_number)
VALUES('SU005',9911293803);
INSERT INTO F18_25_Phone(Supp_id,phone_number)
VALUES('SU005',8008714849);
INSERT INTO F18_25_Phone(Supp_id,phone_number)
VALUES('SU006',9818093588);
INSERT INTO F18_25_Phone(Supp_id,phone_number)
VALUES('SU006',9872829991);
INSERT INTO F18_25_Phone(Supp_id,phone_number)
VALUES('SU007',9899354986);
INSERT INTO F18_25_Phone(Supp_id,phone_number)
VALUES('SU008',7709232987);
INSERT INTO F18_25_Phone(Supp_id,phone_number)
VALUES('SU008',8076897736);
INSERT INTO F18_25_Phone(Supp_id,phone_number)
VALUES('SU009',9099009895);
INSERT INTO F18_25_Phone(Supp_id,phone_number)
VALUES('SU009',9557326206);
INSERT INTO F18_25_Phone(Supp_id,phone_number)
VALUES('SU010',9034001978);
INSERT INTO F18_25_Phone(Supp_id,phone_number)
VALUES('SU010',7021188973);
INSERT INTO F18_25_Phone(Supp_id,phone_number)
VALUES('SU010',9810253026);


/*Insert queries for Employees */
INSERT INTO F18_25_EMPLOYEE (EmployeeID,FirstName,LastName,StoreID,Gender,DOB,Address,EmployeeType,EmploymentType,FromDate,ToDate,EmploymentWage) VALUES ('E001','Shakthi','Prakash','S01','Male','08-01-1995','603 causley ave','Cashier','Permanant','08-08-2018','Present',50);
INSERT INTO F18_25_EMPLOYEE (EmployeeID,FirstName,LastName,StoreID,Gender,DOB,Address,EmployeeType,EmploymentType,FromDate,ToDate,EmploymentWage) VALUES ('E002','Micheal','john','S02','FeMale','08-01-1995','603 causley ave','Stocker','Permanant','08-09-2018','Present',50);
INSERT INTO F18_25_EMPLOYEE (EmployeeID,FirstName,LastName,StoreID,Gender,DOB,Address,EmployeeType,EmploymentType,FromDate,ToDate,EmploymentWage) VALUES ('E003','Ragu','Prakash','S03','Male','08-01-1995','603 causley ave','Cashier','Permanant','08-08-2018','Present',60);
INSERT INTO F18_25_EMPLOYEE (EmployeeID,FirstName,LastName,StoreID,Gender,DOB,Address,EmployeeType,EmploymentType,FromDate,ToDate,EmploymentWage) VALUES ('E004','Mechensie','john','S01','FeMale','08-01-1995','603 causley ave','Stocker','Permanant','08-09-2018','Present',40);
INSERT INTO F18_25_EMPLOYEE (EmployeeID,FirstName,LastName,StoreID,Gender,DOB,Address,EmployeeType,EmploymentType,FromDate,ToDate,EmploymentWage) VALUES ('E005','shakthi2','Prakash','S01','Male','08-01-1995','603 causley ave','Cashier','Permanant','08-08-2018','Present',50);
INSERT INTO F18_25_EMPLOYEE (EmployeeID,FirstName,LastName,StoreID,Gender,DOB,Address,EmployeeType,EmploymentType,FromDate,ToDate,EmploymentWage) VALUES ('E006','shakthi3','john','S02','FeMale','08-01-1995','603 causley ave','Stocker','Permanant','08-09-2018','Present',100);
INSERT INTO F18_25_EMPLOYEE (EmployeeID,FirstName,LastName,StoreID,Gender,DOB,Address,EmployeeType,EmploymentType,FromDate,ToDate,EmploymentWage) VALUES ('E007','John2','Prakash','S01','Male','08-01-1995','603 causley ave','Cashier','Permanant','08-08-2018','Present',120);
INSERT INTO F18_25_EMPLOYEE (EmployeeID,FirstName,LastName,StoreID,Gender,DOB,Address,EmployeeType,EmploymentType,FromDate,ToDate,EmploymentWage) VALUES ('E008','shan','john','S03','Male','08-01-1995','603 causley ave','Stocker','Permanant','08-09-2018','Present',30);
INSERT INTO F18_25_EMPLOYEE (EmployeeID,FirstName,LastName,StoreID,Gender,DOB,Address,EmployeeType,EmploymentType,FromDate,ToDate,EmploymentWage)VALUES ('E009','Shak','Prakash','S01','Male','08-01-1995','603 causley ave','Cashier','Permanant','08-08-2018','Present',30);
INSERT INTO F18_25_EMPLOYEE (EmployeeID,FirstName,LastName,StoreID,Gender,DOB,Address,EmployeeType,EmploymentType,FromDate,ToDate,EmploymentWage) VALUES ('E010','Mike','john','S02','Male','08-01-1995','603 causley ave','Stocker','Permanant','08-09-2018','Present',60);

/*Insert queries for Regular_Cust*/
INSERT INTO F18_25_REGULAR_CUST(CustomerID,Address,Contact,cardnumber,cardtype,cardissuedate) values ('C005','604 nedderman rd','9443145074','100105428','Gold','08-10-2018');
INSERT INTO F18_25_REGULAR_CUST(CustomerID,Address,Contact,cardnumber,cardtype,cardissuedate) values ('C014','605 nedderman rd','9443145079','100105429','Gold','08-10-2018');
INSERT INTO F18_25_REGULAR_CUST(CustomerID,Address,Contact,cardnumber,cardtype,cardissuedate) values ('C012','604 nedderman rd','9443145074','100105430','Gold','08-10-2018');
INSERT INTO F18_25_REGULAR_CUST(CustomerID,Address,Contact,cardnumber,cardtype,cardissuedate) values ('C010','605 nedderman rd','9443145079','100105431','Silver','08-10-2018');
INSERT INTO F18_25_REGULAR_CUST(CustomerID,Address,Contact,cardnumber,cardtype,cardissuedate) values ('C021','604 nedderman rd','9443145074','100105432','Gold','08-10-2018');
INSERT INTO F18_25_REGULAR_CUST(CustomerID,Address,Contact,cardnumber,cardtype,cardissuedate) values ('C017','605 nedderman rd','9443145079','100105433','Gold','08-10-2018');
INSERT INTO F18_25_REGULAR_CUST(CustomerID,Address,Contact,cardnumber,cardtype,cardissuedate) values ('C002','604 nedderman rd','9443145074','100105434','Silver','08-10-2018');
INSERT INTO F18_25_REGULAR_CUST(CustomerID,Address,Contact,cardnumber,cardtype,cardissuedate) values ('C005','605 nedderman rd','9443145079','100105435','Gold','08-10-2018');
INSERT INTO F18_25_REGULAR_CUST(CustomerID,Address,Contact,cardnumber,cardtype,cardissuedate) values ('C029','604 nedderman rd','9443145074','100105436','Silver','08-10-2018');
INSERT INTO F18_25_REGULAR_CUST(CustomerID,Address,Contact,cardnumber,cardtype,cardissuedate) values ('C013','605 nedderman rd','9443145079','100105437','Gold','08-10-2018');
INSERT INTO F18_25_REGULAR_CUST(CustomerID,Address,Contact,cardnumber,cardtype,cardissuedate) values ('C011','604 nedderman rd','9443145074','100105438','Gold','08-10-2018');
INSERT INTO F18_25_REGULAR_CUST(CustomerID,Address,Contact,cardnumber,cardtype,cardissuedate) values ('C040','605 nedderman rd','9443145079','100105439','Silver','08-10-2018');
INSERT INTO F18_25_REGULAR_CUST(CustomerID,Address,Contact,cardnumber,cardtype,cardissuedate) values ('C007','604 nedderman rd','9443145074','100105440','Gold','08-10-2018');
INSERT INTO F18_25_REGULAR_CUST(CustomerID,Address,Contact,cardnumber,cardtype,cardissuedate) values ('C001','605 nedderman rd','9443145079','100105441','Gold','08-10-2018');
INSERT INTO F18_25_REGULAR_CUST(CustomerID,Address,Contact,cardnumber,cardtype,cardissuedate) values ('C035','604 nedderman rd','9443145074','100105442','Silver','08-10-2018');
INSERT INTO F18_25_REGULAR_CUST(CustomerID,Address,Contact,cardnumber,cardtype,cardissuedate) values ('C041','605 nedderman rd','9443145079','100105443','Gold','08-10-2018');
INSERT INTO F18_25_REGULAR_CUST(CustomerID,Address,Contact,cardnumber,cardtype,cardissuedate) values ('C006','604 nedderman rd','9443145074','100105444','Silver','08-10-2018');
INSERT INTO F18_25_REGULAR_CUST(CustomerID,Address,Contact,cardnumber,cardtype,cardissuedate) values ('C016','605 nedderman rd','9443145079','100105445','Gold','08-10-2018');
INSERT INTO F18_25_REGULAR_CUST(CustomerID,Address,Contact,cardnumber,cardtype,cardissuedate) values ('C022','604 nedderman rd','9443145074','100105446','Gold','08-10-2018');
INSERT INTO F18_25_REGULAR_CUST(CustomerID,Address,Contact,cardnumber,cardtype,cardissuedate) values ('C018','605 nedderman rd','9443145079','100105447','Silver','08-10-2018');
INSERT INTO F18_25_REGULAR_CUST(CustomerID,Address,Contact,cardnumber,cardtype,cardissuedate) values ('C034','604 nedderman rd','9443145074','100105448','Gold','08-10-2018');
INSERT INTO F18_25_REGULAR_CUST(CustomerID,Address,Contact,cardnumber,cardtype,cardissuedate) values ('C009','605 nedderman rd','9443145079','100105449','Silver','08-10-2018');
INSERT INTO F18_25_REGULAR_CUST(CustomerID,Address,Contact,cardnumber,cardtype,cardissuedate) values ('C027','604 nedderman rd','9443145074','100105450','Silver','08-10-2018');
INSERT INTO F18_25_REGULAR_CUST(CustomerID,Address,Contact,cardnumber,cardtype,cardissuedate) values ('C015','605 nedderman rd','9443145079','100105451','Silver','08-10-2018');
INSERT INTO F18_25_REGULAR_CUST(CustomerID,Address,Contact,cardnumber,cardtype,cardissuedate) values ('C008','604 nedderman rd','9443145074','100105452','Gold','08-10-2018');
INSERT INTO F18_25_REGULAR_CUST(CustomerID,Address,Contact,cardnumber,cardtype,cardissuedate) values ('C032','605 nedderman rd','9443145079','100105453','Silver','08-10-2018');
INSERT INTO F18_25_REGULAR_CUST(CustomerID,Address,Contact,cardnumber,cardtype,cardissuedate) values ('C026','604 nedderman rd','9443145074','100105454','Silver','08-10-2018');
INSERT INTO F18_25_REGULAR_CUST(CustomerID,Address,Contact,cardnumber,cardtype,cardissuedate) values ('C025','605 nedderman rd','9443145079','100105455','Gold','08-10-2018');
INSERT INTO F18_25_REGULAR_CUST(CustomerID,Address,Contact,cardnumber,cardtype,cardissuedate) values ('C014','605 nedderman rd','9443145079','100105456','Silver','08-10-2018');
INSERT INTO F18_25_REGULAR_CUST(CustomerID,Address,Contact,cardnumber,cardtype,cardissuedate) values ('C003','605 nedderman rd','9443145079','100105457','Silver','08-10-2018');

/*Insert queries for F18_25_WareHouse*/
INSERT INTO F18_25_WareHouse(WareHouseID,Address) values ('W001','StoreAddress1');
INSERT INTO F18_25_WareHouse(WareHouseID,Address) values ('W002','StoreAddress2');
INSERT INTO F18_25_WareHouse(WareHouseID,Address) values ('W003','StoreAddress3');

/*Insert for Products */
INSERT INTO F18_25_Product(Product_ID,Name,Brand,supp_ID,product_type) values('P001','Ghee','SKS','SU004','Food');
INSERT INTO F18_25_Product(Product_ID,Name,Brand,supp_ID,product_type) values('P002','Ghee','RKG','SU006','Food');
INSERT INTO F18_25_Product(Product_ID,Name,Brand,supp_ID,product_type) values('P003','Ghee','MMG','SU006','Food');
INSERT INTO F18_25_Product(Product_ID,Name,Brand,supp_ID,product_type) values('P004','Dal','SKS','SU008','Food');
INSERT INTO F18_25_Product(Product_ID,Name,Brand,supp_ID,product_type) values('P005','Dal','MMG','SU004','Food');
INSERT INTO F18_25_Product(Product_ID,Name,Brand,supp_ID,product_type) values('P006','A1 FaceCream','Garnier','SU005','Beauty');
INSERT INTO F18_25_Product(Product_ID,Name,Brand,supp_ID,product_type) values('P007','A1 Hairwash','Dove','SU002','Beauty');
INSERT INTO F18_25_Product(Product_ID,Name,Brand,supp_ID,product_type) values('P008','B3 FaceCream','ITC','SU005','Beauty');
INSERT INTO F18_25_Product(Product_ID,Name,Brand,supp_ID,product_type) values('P009','','SKS','SU008','Food');
INSERT INTO F18_25_Product(Product_ID,Name,Brand,supp_ID,product_type) values('P010','Whole Milk','Oakfarms','SU007','Dairy');
INSERT INTO F18_25_Product(Product_ID,Name,Brand,supp_ID,product_type) values('P011','Whole Milk','GreatValue','SU001','Dairy');
INSERT INTO F18_25_Product(Product_ID,Name,Brand,supp_ID,product_type) values('P012','Choco Milk','Oakfarms','SU007','Dairy');
INSERT INTO F18_25_Product(Product_ID,Name,Brand,supp_ID,product_type) values('P013','Paneer','Oakfarms','SU010','Dairy');
INSERT INTO F18_25_Product(Product_ID,Name,Brand,supp_ID,product_type) values('P014','Yogurt','GreatValue','SU001','Dairy');
INSERT INTO F18_25_Product(Product_ID,Name,Brand,supp_ID,product_type) values('P015','Cereals','Keloggs','SU008','Food');
INSERT INTO F18_25_Product(Product_ID,Name,Brand,supp_ID,product_type) values('P016','Rice','Diamond','SU004','Food');
INSERT INTO F18_25_Product(Product_ID,Name,Brand,supp_ID,product_type) values('P017','Rice','Star','SU006','Food');
INSERT INTO F18_25_Product(Product_ID,Name,Brand,supp_ID,product_type) values('P018','Cereals','HoneyBunches','SU008','Food');
INSERT INTO F18_25_Product(Product_ID,Name,Brand,supp_ID,product_type) values('P019','Chips','Lays','SU006','Food');
INSERT INTO F18_25_Product(Product_ID,Name,Brand,supp_ID,product_type) values('P020','Hand Sanitizer','Dettol','SU003','Cleaning');
INSERT INTO F18_25_Product(Product_ID,Name,Brand,supp_ID,product_type) values('P021','2%reduced Milk','Oakfarms','SU010','Dairy');
INSERT INTO F18_25_Product(Product_ID,Name,Brand,supp_ID,product_type) values('P022','2%reduced Milk','Great Value','SU001','Dairy');
INSERT INTO F18_25_Product(Product_ID,Name,Brand,supp_ID,product_type) values('P023','2%reduced Milk','Organic Valley','SU001','Dairy');
INSERT INTO F18_25_Product(Product_ID,Name,Brand,supp_ID,product_type) values('P024','Whole Milk','Organic Valley','SU007','Dairy');
INSERT INTO F18_25_Product(Product_ID,Name,Brand,supp_ID,product_type) values('P025','Whole Milk','Amul','SU007','Dairy');
INSERT INTO F18_25_Product(Product_ID,Name,Brand,supp_ID,product_type) values('P026','Curd','Amul','SU010','Dairy');
INSERT INTO F18_25_Product(Product_ID,Name,Brand,supp_ID,product_type) values('P027','Yoghurt','Dannon','SU010','Dairy');
INSERT INTO F18_25_Product(Product_ID,Name,Brand,supp_ID,product_type) values('P028','Cake','Cadbury','SU006','Food');
INSERT INTO F18_25_Product(Product_ID,Name,Brand,supp_ID,product_type) values('P029','Frozen Vegetables','Great Value','SU004','Food');
INSERT INTO F18_25_Product(Product_ID,Name,Brand,supp_ID,product_type) values('P030','Potato','GPOD','SU004','Food');
INSERT INTO F18_25_Product(Product_ID,Name,Brand,supp_ID,product_type) values('P031','Potato','Ace','SU006','Food');
INSERT INTO F18_25_Product(Product_ID,Name,Brand,supp_ID,product_type) values('P032','Tomato','Cento','SU004','Food');
INSERT INTO F18_25_Product(Product_ID,Name,Brand,supp_ID,product_type) values('P033','Apple','Red Delicious','SU008','Food');
INSERT INTO F18_25_Product(Product_ID,Name,Brand,supp_ID,product_type) values('P034','Apple','Fuji','SU008','Food');
INSERT INTO F18_25_Product(Product_ID,Name,Brand,supp_ID,product_type) values('P035','Apple','Gala','SU006','Food');
INSERT INTO F18_25_Product(Product_ID,Name,Brand,supp_ID,product_type) values('P036','Banana','Del Monte','SU006','Food');
INSERT INTO F18_25_Product(Product_ID,Name,Brand,supp_ID,product_type) values('P037','Sauce','Heinz','SU004','Food');
INSERT INTO F18_25_Product(Product_ID,Name,Brand,supp_ID,product_type) values('P038','Degreaser','Equate','SU009','Cleaning');
INSERT INTO F18_25_Product(Product_ID,Name,Brand,supp_ID,product_type) values('P039','Dishwasher Liquid','Pril','SU009','Cleaning');
INSERT INTO F18_25_Product(Product_ID,Name,Brand,supp_ID,product_type) values('P040','Dishwasher Liquid','Vim','SU003','Cleaning');

/*Insert into Buys table */
INSERT INTO F18_25_CUST_BUYS(CustomerID,Product_ID,Store_ID,Quantity,Buy_date,Price,buy_type) values ('C005','P001','S01',1,DATE '2018-08-10',100.00,'Normal');
INSERT INTO F18_25_CUST_BUYS(CustomerID,Product_ID,Store_ID,Quantity,Buy_date,Price,buy_type) values ('C005','P004','S01',1,DATE '2018-08-10',90.00,'Normal');
INSERT INTO F18_25_CUST_BUYS(CustomerID,Product_ID,Store_ID,Quantity,Buy_date,Price,buy_type) values ('C005','P006','S01',1,DATE '2018-08-10',75.00,'Normal');
INSERT INTO F18_25_CUST_BUYS(CustomerID,Product_ID,Store_ID,Quantity,Buy_date,Price,buy_type) values ('C005','P010','S01',1,DATE '2018-08-10',30.00,'Normal');
INSERT INTO F18_25_CUST_BUYS(CustomerID,Product_ID,Store_ID,Quantity,Buy_date,Price,buy_type) values ('C005','P035','S01',1,DATE '2018-08-10',200.00,'Normal');
INSERT INTO F18_25_CUST_BUYS(CustomerID,Product_ID,Store_ID,Quantity,Buy_date,Price,buy_type) values ('C005','P035','S01',1,DATE '2018-08-10',200.00,'Normal');
INSERT INTO F18_25_CUST_BUYS(CustomerID,Product_ID,Store_ID,Quantity,Buy_date,Price,buy_type) values ('C011','P040','S02',1,DATE '2018-08-11',90.00,'Normal');
INSERT INTO F18_25_CUST_BUYS(CustomerID,Product_ID,Store_ID,Quantity,Buy_date,Price,buy_type) values ('C011','P032','S02',1,DATE '2018-08-11',120.00,'Normal');
INSERT INTO F18_25_CUST_BUYS(CustomerID,Product_ID,Store_ID,Quantity,Buy_date,Price,buy_type) values ('C011','P001','S02',1,DATE '2018-08-11',100.00,'Normal');
INSERT INTO F18_25_CUST_BUYS(CustomerID,Product_ID,Store_ID,Quantity,Buy_date,Price,buy_type) values ('C002','P025','S03',1,DATE '2018-08-10',200.00,'Normal');
INSERT INTO F18_25_CUST_BUYS(CustomerID,Product_ID,Store_ID,Quantity,Buy_date,Price,buy_type) values ('C002','P035','S03',1,DATE '2018-08-10',200.00,'Normal');
INSERT INTO F18_25_CUST_BUYS(CustomerID,Product_ID,Store_ID,Quantity,Buy_date,Price,buy_type) values ('C002','P030','S03',1,DATE '2018-08-10',200.00,'Normal');
INSERT INTO F18_25_CUST_BUYS(CustomerID,Product_ID,Store_ID,Quantity,Buy_date,Price,buy_type) values ('C010','P005','S01',1,DATE '2018-08-13',100.00,'Normal');
INSERT INTO F18_25_CUST_BUYS(CustomerID,Product_ID,Store_ID,Quantity,Buy_date,Price,buy_type) values ('C010','P014','S01',1,DATE '2018-08-13',120.00,'Normal');
INSERT INTO F18_25_CUST_BUYS(CustomerID,Product_ID,Store_ID,Quantity,Buy_date,Price,buy_type) values ('C010','P007','S01',1,DATE '2018-08-13',80.00,'Normal');
INSERT INTO F18_25_CUST_BUYS(CustomerID,Product_ID,Store_ID,Quantity,Buy_date,Price,buy_type) values ('C010','P006','S01',1,DATE '2018-08-13',100.00,'Normal');
INSERT INTO F18_25_CUST_BUYS(CustomerID,Product_ID,Store_ID,Quantity,Buy_date,Price,buy_type) values ('C021','P005','S02',1,DATE '2018-08-14',120.00,'Normal');
INSERT INTO F18_25_CUST_BUYS(CustomerID,Product_ID,Store_ID,Quantity,Buy_date,Price,buy_type) values ('C021','P011','S02',1,DATE '2018-08-14',100.00,'Normal');
INSERT INTO F18_25_CUST_BUYS(CustomerID,Product_ID,Store_ID,Quantity,Buy_date,Price,buy_type) values ('C021','P034','S02',1,DATE '2018-08-14',100.00,'Normal');
INSERT INTO F18_25_CUST_BUYS(CustomerID,Product_ID,Store_ID,Quantity,Buy_date,Price,buy_type) values ('C021','P023','S02',1,DATE '2018-08-14',10.00,'Normal');
INSERT INTO F18_25_CUST_BUYS(CustomerID,Product_ID,Store_ID,Quantity,Buy_date,Price,buy_type) values ('C021','P015','S02',1,DATE '2018-08-14',130.00,'Normal');
INSERT INTO F18_25_CUST_BUYS(CustomerID,Product_ID,Store_ID,Quantity,Buy_date,Price,buy_type) values ('C017','P011','S01',1,DATE '2018-08-14',100.00,'Normal');
INSERT INTO F18_25_CUST_BUYS(CustomerID,Product_ID,Store_ID,Quantity,Buy_date,Price,buy_type) values ('C017','P012','S01',1,DATE '2018-08-14',100.00,'Normal');
INSERT INTO F18_25_CUST_BUYS(CustomerID,Product_ID,Store_ID,Quantity,Buy_date,Price,buy_type) values ('C017','P013','S01',1,DATE '2018-08-14',20.00,'Normal');
INSERT INTO F18_25_CUST_BUYS(CustomerID,Product_ID,Store_ID,Quantity,Buy_date,Price,buy_type) values ('C017','P010','S01',1,DATE '2018-08-14',120.00,'Normal');
INSERT INTO F18_25_CUST_BUYS(CustomerID,Product_ID,Store_ID,Quantity,Buy_date,Price,buy_type) values ('C013','P020','S03',1,DATE '2018-08-14',140.00,'Normal');
INSERT INTO F18_25_CUST_BUYS(CustomerID,Product_ID,Store_ID,Quantity,Buy_date,Price,buy_type) values ('C013','P022','S03',1,DATE '2018-08-14',120.00,'Normal');
INSERT INTO F18_25_CUST_BUYS(CustomerID,Product_ID,Store_ID,Quantity,Buy_date,Price,buy_type) values ('C013','P001','S03',1,DATE '2018-08-14',100.00,'Normal');
INSERT INTO F18_25_CUST_BUYS(CustomerID,Product_ID,Store_ID,Quantity,Buy_date,Price,buy_type) values ('C013','P023','S03',1,DATE '2018-08-14',90.00,'Normal');
INSERT INTO F18_25_CUST_BUYS(CustomerID,Product_ID,Store_ID,Quantity,Buy_date,Price,buy_type) values ('C014','P020','S02',1,DATE '2018-08-16',100.00,'Normal');
INSERT INTO F18_25_CUST_BUYS(CustomerID,Product_ID,Store_ID,Quantity,Buy_date,Price,buy_type) values ('C014','P021','S02',1,DATE '2018-08-16',120.00,'Normal');
INSERT INTO F18_25_CUST_BUYS(CustomerID,Product_ID,Store_ID,Quantity,Buy_date,Price,buy_type) values ('C014','P022','S02',1,DATE '2018-08-16',110.00,'Normal');
INSERT INTO F18_25_CUST_BUYS(CustomerID,Product_ID,Store_ID,Quantity,Buy_date,Price,buy_type) values ('C014','P023','S02',1,DATE '2018-08-16',100.00,'Normal');
INSERT INTO F18_25_CUST_BUYS(CustomerID,Product_ID,Store_ID,Quantity,Buy_date,Price,buy_type) values ('C016','P013','S03',1,DATE '2018-08-16',100.00,'Normal');
INSERT INTO F18_25_CUST_BUYS(CustomerID,Product_ID,Store_ID,Quantity,Buy_date,Price,buy_type) values ('C016','P015','S03',1,DATE '2018-08-16',100.00,'Normal');
INSERT INTO F18_25_CUST_BUYS(CustomerID,Product_ID,Store_ID,Quantity,Buy_date,Price,buy_type) values ('C016','P017','S03',1,DATE '2018-08-16',100.00,'Normal');
INSERT INTO F18_25_CUST_BUYS(CustomerID,Product_ID,Store_ID,Quantity,Buy_date,Price,buy_type) values ('C032','P025','S01',1,DATE '2018-08-17',100.00,'Normal');
INSERT INTO F18_25_CUST_BUYS(CustomerID,Product_ID,Store_ID,Quantity,Buy_date,Price,buy_type) values ('C032','P026','S01',1,DATE '2018-08-17',100.00,'Normal');
INSERT INTO F18_25_CUST_BUYS(CustomerID,Product_ID,Store_ID,Quantity,Buy_date,Price,buy_type) values ('C032','P030','S01',1,DATE '2018-08-17',100.00,'Normal');
INSERT INTO F18_25_CUST_BUYS(CustomerID,Product_ID,Store_ID,Quantity,Buy_date,Price,buy_type) values ('C029','P025','S01',1,DATE '2018-08-18',120.00,'Normal');
INSERT INTO F18_25_CUST_BUYS(CustomerID,Product_ID,Store_ID,Quantity,Buy_date,Price,buy_type) values ('C029','P026','S01',1,DATE '2018-08-18',110.00,'Normal');
INSERT INTO F18_25_CUST_BUYS(CustomerID,Product_ID,Store_ID,Quantity,Buy_date,Price,buy_type) values ('C029','P030','S01',1,DATE '2018-08-18',120.00,'Normal');
INSERT INTO F18_25_CUST_BUYS(CustomerID,Product_ID,Store_ID,Quantity,Buy_date,Price,buy_type) values ('C040','P025','S03',1,DATE '2018-08-19',100.00,'Normal');
INSERT INTO F18_25_CUST_BUYS(CustomerID,Product_ID,Store_ID,Quantity,Buy_date,Price,buy_type) values ('C040','P026','S03',1,DATE '2018-08-19',100.00,'Normal');
INSERT INTO F18_25_CUST_BUYS(CustomerID,Product_ID,Store_ID,Quantity,Buy_date,Price,buy_type) values ('C040','P030','S03',1,DATE '2018-08-19',100.00,'Normal');
INSERT INTO F18_25_CUST_BUYS(CustomerID,Product_ID,Store_ID,Quantity,Buy_date,Price,buy_type) values ('C018','P025','S01',1,DATE '2018-08-20',100.00,'Normal');
INSERT INTO F18_25_CUST_BUYS(CustomerID,Product_ID,Store_ID,Quantity,Buy_date,Price,buy_type) values ('C018','P026','S01',1,DATE '2018-08-20',180.00,'Normal');
INSERT INTO F18_25_CUST_BUYS(CustomerID,Product_ID,Store_ID,Quantity,Buy_date,Price,buy_type) values ('C018','P030','S01',1,DATE '2018-08-20',220.00,'Normal');
INSERT INTO F18_25_CUST_BUYS(CustomerID,Product_ID,Store_ID,Quantity,Buy_date,Price,buy_type) values ('C011','P024','S02',1,DATE '2018-08-20',100.00,'Normal');
INSERT INTO F18_25_CUST_BUYS(CustomerID,Product_ID,Store_ID,Quantity,Buy_date,Price,buy_type) values ('C011','P010','S02',1,DATE '2018-08-20',180.00,'Normal');
INSERT INTO F18_25_CUST_BUYS(CustomerID,Product_ID,Store_ID,Quantity,Buy_date,Price,buy_type) values ('C011','P013','S02',1,DATE '2018-08-20',220.00,'Normal');
INSERT INTO F18_25_CUST_BUYS(CustomerID,Product_ID,Store_ID,Quantity,Buy_date,Price,buy_type) values ('C007','P001','S01',1,DATE '2018-09-10',100.00,'Normal');
INSERT INTO F18_25_CUST_BUYS(CustomerID,Product_ID,Store_ID,Quantity,Buy_date,Price,buy_type) values ('C007','P004','S01',1,DATE '2018-09-10',90.00,'Normal');
INSERT INTO F18_25_CUST_BUYS(CustomerID,Product_ID,Store_ID,Quantity,Buy_date,Price,buy_type) values ('C007','P006','S01',1,DATE '2018-09-10',75.00,'Normal');
INSERT INTO F18_25_CUST_BUYS(CustomerID,Product_ID,Store_ID,Quantity,Buy_date,Price,buy_type) values ('C007','P010','S01',1,DATE '2018-09-10',30.00,'Normal');
INSERT INTO F18_25_CUST_BUYS(CustomerID,Product_ID,Store_ID,Quantity,Buy_date,Price,buy_type) values ('C007','P035','S01',1,DATE '2018-09-10',200.00,'Normal');
INSERT INTO F18_25_CUST_BUYS(CustomerID,Product_ID,Store_ID,Quantity,Buy_date,Price,buy_type) values ('C007','P035','S01',1,DATE '2018-09-10',200.00,'Normal');
INSERT INTO F18_25_CUST_BUYS(CustomerID,Product_ID,Store_ID,Quantity,Buy_date,Price,buy_type) values ('C011','P040','S02',1,DATE '2018-09-11',90.00,'Normal');
INSERT INTO F18_25_CUST_BUYS(CustomerID,Product_ID,Store_ID,Quantity,Buy_date,Price,buy_type) values ('C011','P032','S02',1,DATE '2018-09-11',120.00,'Normal');
INSERT INTO F18_25_CUST_BUYS(CustomerID,Product_ID,Store_ID,Quantity,Buy_date,Price,buy_type) values ('C011','P001','S02',1,DATE '2018-09-11',100.00,'Normal');
INSERT INTO F18_25_CUST_BUYS(CustomerID,Product_ID,Store_ID,Quantity,Buy_date,Price,buy_type) values ('C006','P025','S03',1,DATE '2018-09-10',200.00,'Normal');
INSERT INTO F18_25_CUST_BUYS(CustomerID,Product_ID,Store_ID,Quantity,Buy_date,Price,buy_type) values ('C006','P035','S03',1,DATE '2018-09-10',200.00,'Normal');
INSERT INTO F18_25_CUST_BUYS(CustomerID,Product_ID,Store_ID,Quantity,Buy_date,Price,buy_type) values ('C006','P030','S03',1,DATE '2018-09-10',200.00,'Normal');
INSERT INTO F18_25_CUST_BUYS(CustomerID,Product_ID,Store_ID,Quantity,Buy_date,Price,buy_type) values ('C010','P005','S01',1,DATE '2018-09-13',100.00,'Normal');
INSERT INTO F18_25_CUST_BUYS(CustomerID,Product_ID,Store_ID,Quantity,Buy_date,Price,buy_type) values ('C010','P014','S01',1,DATE '2018-09-13',120.00,'Normal');
INSERT INTO F18_25_CUST_BUYS(CustomerID,Product_ID,Store_ID,Quantity,Buy_date,Price,buy_type) values ('C010','P007','S01',1,DATE '2018-09-13',80.00,'Normal');
INSERT INTO F18_25_CUST_BUYS(CustomerID,Product_ID,Store_ID,Quantity,Buy_date,Price,buy_type) values ('C010','P006','S01',1,DATE '2018-09-13',100.00,'Normal');
INSERT INTO F18_25_CUST_BUYS(CustomerID,Product_ID,Store_ID,Quantity,Buy_date,Price,buy_type) values ('C021','P005','S02',1,DATE '2018-09-14',120.00,'Normal');
INSERT INTO F18_25_CUST_BUYS(CustomerID,Product_ID,Store_ID,Quantity,Buy_date,Price,buy_type) values ('C021','P011','S02',1,DATE '2018-09-14',100.00,'Normal');
INSERT INTO F18_25_CUST_BUYS(CustomerID,Product_ID,Store_ID,Quantity,Buy_date,Price,buy_type) values ('C021','P034','S02',1,DATE '2018-09-14',100.00,'Normal');
INSERT INTO F18_25_CUST_BUYS(CustomerID,Product_ID,Store_ID,Quantity,Buy_date,Price,buy_type) values ('C021','P023','S02',1,DATE '2018-09-14',10.00,'Normal');
INSERT INTO F18_25_CUST_BUYS(CustomerID,Product_ID,Store_ID,Quantity,Buy_date,Price,buy_type) values ('C021','P015','S02',1,DATE '2018-09-14',130.00,'Normal');
INSERT INTO F18_25_CUST_BUYS(CustomerID,Product_ID,Store_ID,Quantity,Buy_date,Price,buy_type) values ('C017','P011','S01',1,DATE '2018-09-14',100.00,'Normal');
INSERT INTO F18_25_CUST_BUYS(CustomerID,Product_ID,Store_ID,Quantity,Buy_date,Price,buy_type) values ('C017','P012','S01',1,DATE '2018-09-14',100.00,'Normal');
INSERT INTO F18_25_CUST_BUYS(CustomerID,Product_ID,Store_ID,Quantity,Buy_date,Price,buy_type) values ('C017','P013','S01',1,DATE '2018-09-14',20.00,'Normal');
INSERT INTO F18_25_CUST_BUYS(CustomerID,Product_ID,Store_ID,Quantity,Buy_date,Price,buy_type) values ('C017','P010','S01',1,DATE '2018-09-14',120.00,'Normal');
INSERT INTO F18_25_CUST_BUYS(CustomerID,Product_ID,Store_ID,Quantity,Buy_date,Price,buy_type) values ('C013','P020','S03',1,DATE '2018-09-14',140.00,'Normal');
INSERT INTO F18_25_CUST_BUYS(CustomerID,Product_ID,Store_ID,Quantity,Buy_date,Price,buy_type) values ('C013','P022','S03',1,DATE '2018-09-14',120.00,'Normal');
INSERT INTO F18_25_CUST_BUYS(CustomerID,Product_ID,Store_ID,Quantity,Buy_date,Price,buy_type) values ('C013','P001','S03',1,DATE '2018-09-14',100.00,'Normal');
INSERT INTO F18_25_CUST_BUYS(CustomerID,Product_ID,Store_ID,Quantity,Buy_date,Price,buy_type) values ('C013','P023','S03',1,DATE '2018-09-14',90.00,'Normal');
INSERT INTO F18_25_CUST_BUYS(CustomerID,Product_ID,Store_ID,Quantity,Buy_date,Price,buy_type) values ('C014','P020','S02',1,DATE '2018-09-16',100.00,'Normal');
INSERT INTO F18_25_CUST_BUYS(CustomerID,Product_ID,Store_ID,Quantity,Buy_date,Price,buy_type) values ('C014','P021','S02',1,DATE '2018-09-16',120.00,'Normal');
INSERT INTO F18_25_CUST_BUYS(CustomerID,Product_ID,Store_ID,Quantity,Buy_date,Price,buy_type) values ('C014','P022','S02',1,DATE '2018-09-16',110.00,'Normal');
INSERT INTO F18_25_CUST_BUYS(CustomerID,Product_ID,Store_ID,Quantity,Buy_date,Price,buy_type) values ('C014','P023','S02',1,DATE '2018-09-16',100.00,'Normal');
INSERT INTO F18_25_CUST_BUYS(CustomerID,Product_ID,Store_ID,Quantity,Buy_date,Price,buy_type) values ('C016','P013','S03',1,DATE '2018-09-16',100.00,'Normal');
INSERT INTO F18_25_CUST_BUYS(CustomerID,Product_ID,Store_ID,Quantity,Buy_date,Price,buy_type) values ('C016','P015','S03',1,DATE '2018-09-16',100.00,'Normal');
INSERT INTO F18_25_CUST_BUYS(CustomerID,Product_ID,Store_ID,Quantity,Buy_date,Price,buy_type) values ('C016','P017','S03',1,DATE '2018-09-16',100.00,'Normal');
INSERT INTO F18_25_CUST_BUYS(CustomerID,Product_ID,Store_ID,Quantity,Buy_date,Price,buy_type) values ('C032','P025','S01',1,DATE '2018-09-17',100.00,'Normal');
INSERT INTO F18_25_CUST_BUYS(CustomerID,Product_ID,Store_ID,Quantity,Buy_date,Price,buy_type) values ('C032','P026','S01',1,DATE '2018-09-17',100.00,'Normal');
INSERT INTO F18_25_CUST_BUYS(CustomerID,Product_ID,Store_ID,Quantity,Buy_date,Price,buy_type) values ('C032','P030','S01',1,DATE '2018-09-17',100.00,'Normal');
INSERT INTO F18_25_CUST_BUYS(CustomerID,Product_ID,Store_ID,Quantity,Buy_date,Price,buy_type) values ('C029','P025','S01',1,DATE '2018-09-18',120.00,'Normal');
INSERT INTO F18_25_CUST_BUYS(CustomerID,Product_ID,Store_ID,Quantity,Buy_date,Price,buy_type) values ('C029','P026','S01',1,DATE '2018-09-18',110.00,'Normal');
INSERT INTO F18_25_CUST_BUYS(CustomerID,Product_ID,Store_ID,Quantity,Buy_date,Price,buy_type) values ('C029','P030','S01',1,DATE '2018-09-18',120.00,'Normal');
INSERT INTO F18_25_CUST_BUYS(CustomerID,Product_ID,Store_ID,Quantity,Buy_date,Price,buy_type) values ('C040','P025','S03',1,DATE '2018-09-19',100.00,'Normal');
INSERT INTO F18_25_CUST_BUYS(CustomerID,Product_ID,Store_ID,Quantity,Buy_date,Price,buy_type) values ('C040','P026','S03',1,DATE '2018-09-19',100.00,'Normal');
INSERT INTO F18_25_CUST_BUYS(CustomerID,Product_ID,Store_ID,Quantity,Buy_date,Price,buy_type) values ('C040','P030','S03',1,DATE '2018-09-19',100.00,'Normal');
INSERT INTO F18_25_CUST_BUYS(CustomerID,Product_ID,Store_ID,Quantity,Buy_date,Price,buy_type) values ('C018','P025','S01',1,DATE '2018-09-20',100.00,'Normal');
INSERT INTO F18_25_CUST_BUYS(CustomerID,Product_ID,Store_ID,Quantity,Buy_date,Price,buy_type) values ('C018','P026','S01',1,DATE '2018-09-20',180.00,'Normal');
INSERT INTO F18_25_CUST_BUYS(CustomerID,Product_ID,Store_ID,Quantity,Buy_date,Price,buy_type) values ('C018','P030','S01',1,DATE '2018-09-20',220.00,'Normal');
INSERT INTO F18_25_CUST_BUYS(CustomerID,Product_ID,Store_ID,Quantity,Buy_date,Price,buy_type) values ('C011','P024','S02',1,DATE '2018-09-20',100.00,'Normal');
INSERT INTO F18_25_CUST_BUYS(CustomerID,Product_ID,Store_ID,Quantity,Buy_date,Price,buy_type) values ('C011','P010','S02',1,DATE '2018-09-20',180.00,'Normal');
INSERT INTO F18_25_CUST_BUYS(CustomerID,Product_ID,Store_ID,Quantity,Buy_date,Price,buy_type) values ('C011','P013','S02',1,DATE '2018-09-20',220.00,'Normal');
INSERT INTO F18_25_CUST_BUYS(CustomerID,Product_ID,Store_ID,Quantity,Buy_date,Price,buy_type) values ('C005','P001','S01',1,DATE '2018-10-10',100.00,'Normal');
INSERT INTO F18_25_CUST_BUYS(CustomerID,Product_ID,Store_ID,Quantity,Buy_date,Price,buy_type) values ('C005','P004','S01',1,DATE '2018-10-10',90.00,'Normal');
INSERT INTO F18_25_CUST_BUYS(CustomerID,Product_ID,Store_ID,Quantity,Buy_date,Price,buy_type) values ('C005','P006','S01',1,DATE '2018-10-10',75.00,'Normal');
INSERT INTO F18_25_CUST_BUYS(CustomerID,Product_ID,Store_ID,Quantity,Buy_date,Price,buy_type) values ('C005','P010','S01',1,DATE '2018-10-10',30.00,'Normal');
INSERT INTO F18_25_CUST_BUYS(CustomerID,Product_ID,Store_ID,Quantity,Buy_date,Price,buy_type) values ('C005','P035','S01',1,DATE '2018-10-10',200.00,'Normal');
INSERT INTO F18_25_CUST_BUYS(CustomerID,Product_ID,Store_ID,Quantity,Buy_date,Price,buy_type) values ('C005','P035','S01',1,DATE '2018-10-10',200.00,'Normal');
INSERT INTO F18_25_CUST_BUYS(CustomerID,Product_ID,Store_ID,Quantity,Buy_date,Price,buy_type) values ('C011','P040','S02',1,DATE '2018-10-11',90.00,'Normal');
INSERT INTO F18_25_CUST_BUYS(CustomerID,Product_ID,Store_ID,Quantity,Buy_date,Price,buy_type) values ('C011','P032','S02',1,DATE '2018-10-11',120.00,'Normal');
INSERT INTO F18_25_CUST_BUYS(CustomerID,Product_ID,Store_ID,Quantity,Buy_date,Price,buy_type) values ('C011','P001','S02',1,DATE '2018-10-11',100.00,'Normal');
INSERT INTO F18_25_CUST_BUYS(CustomerID,Product_ID,Store_ID,Quantity,Buy_date,Price,buy_type) values ('C002','P025','S03',1,DATE '2018-10-10',200.00,'Normal');
INSERT INTO F18_25_CUST_BUYS(CustomerID,Product_ID,Store_ID,Quantity,Buy_date,Price,buy_type) values ('C002','P035','S03',1,DATE '2018-10-10',200.00,'Normal');
INSERT INTO F18_25_CUST_BUYS(CustomerID,Product_ID,Store_ID,Quantity,Buy_date,Price,buy_type) values ('C002','P030','S03',1,DATE '2018-10-10',200.00,'Normal');
INSERT INTO F18_25_CUST_BUYS(CustomerID,Product_ID,Store_ID,Quantity,Buy_date,Price,buy_type) values ('C010','P005','S01',1,DATE '2018-10-13',100.00,'Normal');
INSERT INTO F18_25_CUST_BUYS(CustomerID,Product_ID,Store_ID,Quantity,Buy_date,Price,buy_type) values ('C010','P014','S01',1,DATE '2018-10-13',120.00,'Normal');
INSERT INTO F18_25_CUST_BUYS(CustomerID,Product_ID,Store_ID,Quantity,Buy_date,Price,buy_type) values ('C010','P007','S01',1,DATE '2018-10-13',80.00,'Normal');
INSERT INTO F18_25_CUST_BUYS(CustomerID,Product_ID,Store_ID,Quantity,Buy_date,Price,buy_type) values ('C010','P006','S01',1,DATE '2018-10-13',100.00,'Normal');
INSERT INTO F18_25_CUST_BUYS(CustomerID,Product_ID,Store_ID,Quantity,Buy_date,Price,buy_type) values ('C021','P005','S02',1,DATE '2018-10-14',120.00,'Normal');
INSERT INTO F18_25_CUST_BUYS(CustomerID,Product_ID,Store_ID,Quantity,Buy_date,Price,buy_type) values ('C021','P011','S02',1,DATE '2018-10-14',100.00,'Normal');
INSERT INTO F18_25_CUST_BUYS(CustomerID,Product_ID,Store_ID,Quantity,Buy_date,Price,buy_type) values ('C021','P034','S02',1,DATE '2018-10-14',100.00,'Normal');
INSERT INTO F18_25_CUST_BUYS(CustomerID,Product_ID,Store_ID,Quantity,Buy_date,Price,buy_type) values ('C021','P023','S02',1,DATE '2018-10-14',10.00,'Normal');
INSERT INTO F18_25_CUST_BUYS(CustomerID,Product_ID,Store_ID,Quantity,Buy_date,Price,buy_type) values ('C021','P015','S02',1,DATE '2018-10-14',130.00,'Normal');
INSERT INTO F18_25_CUST_BUYS(CustomerID,Product_ID,Store_ID,Quantity,Buy_date,Price,buy_type) values ('C017','P011','S01',1,DATE '2018-10-14',100.00,'Normal');
INSERT INTO F18_25_CUST_BUYS(CustomerID,Product_ID,Store_ID,Quantity,Buy_date,Price,buy_type) values ('C017','P012','S01',1,DATE '2018-10-14',100.00,'Normal');
INSERT INTO F18_25_CUST_BUYS(CustomerID,Product_ID,Store_ID,Quantity,Buy_date,Price,buy_type) values ('C017','P013','S01',1,DATE '2018-10-14',20.00,'Normal');
INSERT INTO F18_25_CUST_BUYS(CustomerID,Product_ID,Store_ID,Quantity,Buy_date,Price,buy_type) values ('C017','P010','S01',1,DATE '2018-10-14',120.00,'Normal');
INSERT INTO F18_25_CUST_BUYS(CustomerID,Product_ID,Store_ID,Quantity,Buy_date,Price,buy_type) values ('C013','P020','S03',1,DATE '2018-10-14',140.00,'Normal');
INSERT INTO F18_25_CUST_BUYS(CustomerID,Product_ID,Store_ID,Quantity,Buy_date,Price,buy_type) values ('C013','P022','S03',1,DATE '2018-10-14',120.00,'Normal');
INSERT INTO F18_25_CUST_BUYS(CustomerID,Product_ID,Store_ID,Quantity,Buy_date,Price,buy_type) values ('C013','P001','S03',1,DATE '2018-10-14',100.00,'Normal');
INSERT INTO F18_25_CUST_BUYS(CustomerID,Product_ID,Store_ID,Quantity,Buy_date,Price,buy_type) values ('C013','P023','S03',1,DATE '2018-10-14',90.00,'Normal');
INSERT INTO F18_25_CUST_BUYS(CustomerID,Product_ID,Store_ID,Quantity,Buy_date,Price,buy_type) values ('C014','P020','S02',1,DATE '2018-10-16',100.00,'Normal');
INSERT INTO F18_25_CUST_BUYS(CustomerID,Product_ID,Store_ID,Quantity,Buy_date,Price,buy_type) values ('C014','P021','S02',1,DATE '2018-10-16',120.00,'Normal');
INSERT INTO F18_25_CUST_BUYS(CustomerID,Product_ID,Store_ID,Quantity,Buy_date,Price,buy_type) values ('C014','P022','S02',1,DATE '2018-10-16',110.00,'Normal');
INSERT INTO F18_25_CUST_BUYS(CustomerID,Product_ID,Store_ID,Quantity,Buy_date,Price,buy_type) values ('C014','P023','S02',1,DATE '2018-10-16',100.00,'Normal');
INSERT INTO F18_25_CUST_BUYS(CustomerID,Product_ID,Store_ID,Quantity,Buy_date,Price,buy_type) values ('C016','P013','S03',1,DATE '2018-10-16',100.00,'Normal');
INSERT INTO F18_25_CUST_BUYS(CustomerID,Product_ID,Store_ID,Quantity,Buy_date,Price,buy_type) values ('C016','P015','S03',1,DATE '2018-10-16',100.00,'Normal');
INSERT INTO F18_25_CUST_BUYS(CustomerID,Product_ID,Store_ID,Quantity,Buy_date,Price,buy_type) values ('C016','P017','S03',1,DATE '2018-10-16',100.00,'Normal');
INSERT INTO F18_25_CUST_BUYS(CustomerID,Product_ID,Store_ID,Quantity,Buy_date,Price,buy_type) values ('C032','P025','S01',1,DATE '2018-10-17',100.00,'Normal');
INSERT INTO F18_25_CUST_BUYS(CustomerID,Product_ID,Store_ID,Quantity,Buy_date,Price,buy_type) values ('C032','P026','S01',1,DATE '2018-10-17',100.00,'Normal');
INSERT INTO F18_25_CUST_BUYS(CustomerID,Product_ID,Store_ID,Quantity,Buy_date,Price,buy_type) values ('C032','P030','S01',1,DATE '2018-10-17',100.00,'Normal');
INSERT INTO F18_25_CUST_BUYS(CustomerID,Product_ID,Store_ID,Quantity,Buy_date,Price,buy_type) values ('C029','P025','S01',1,DATE '2018-10-18',120.00,'Normal');
INSERT INTO F18_25_CUST_BUYS(CustomerID,Product_ID,Store_ID,Quantity,Buy_date,Price,buy_type) values ('C029','P026','S01',1,DATE '2018-10-18',110.00,'Normal');
INSERT INTO F18_25_CUST_BUYS(CustomerID,Product_ID,Store_ID,Quantity,Buy_date,Price,buy_type) values ('C029','P030','S01',1,DATE '2018-10-18',120.00,'Normal');
INSERT INTO F18_25_CUST_BUYS(CustomerID,Product_ID,Store_ID,Quantity,Buy_date,Price,buy_type) values ('C040','P025','S03',1,DATE '2018-10-19',100.00,'Normal');
INSERT INTO F18_25_CUST_BUYS(CustomerID,Product_ID,Store_ID,Quantity,Buy_date,Price,buy_type) values ('C040','P026','S03',1,DATE '2018-10-19',100.00,'Normal');
INSERT INTO F18_25_CUST_BUYS(CustomerID,Product_ID,Store_ID,Quantity,Buy_date,Price,buy_type) values ('C040','P030','S03',1,DATE '2018-10-19',100.00,'Normal');
INSERT INTO F18_25_CUST_BUYS(CustomerID,Product_ID,Store_ID,Quantity,Buy_date,Price,buy_type) values ('C018','P025','S01',1,DATE '2018-10-20',100.00,'Normal');
INSERT INTO F18_25_CUST_BUYS(CustomerID,Product_ID,Store_ID,Quantity,Buy_date,Price,buy_type) values ('C018','P026','S01',1,DATE '2018-10-20',180.00,'Normal');
INSERT INTO F18_25_CUST_BUYS(CustomerID,Product_ID,Store_ID,Quantity,Buy_date,Price,buy_type) values ('C018','P030','S01',1,DATE '2018-10-20',220.00,'Normal');
INSERT INTO F18_25_CUST_BUYS(CustomerID,Product_ID,Store_ID,Quantity,Buy_date,Price,buy_type) values ('C011','P024','S02',1,DATE '2018-10-20',100.00,'Normal');
INSERT INTO F18_25_CUST_BUYS(CustomerID,Product_ID,Store_ID,Quantity,Buy_date,Price,buy_type) values ('C011','P010','S02',1,DATE '2018-10-20',180.00,'Normal');
INSERT INTO F18_25_CUST_BUYS(CustomerID,Product_ID,Store_ID,Quantity,Buy_date,Price,buy_type) values ('C011','P013','S02',1,DATE '2018-10-20',220.00,'Normal');
INSERT INTO F18_25_CUST_BUYS(CustomerID,Product_ID,Store_ID,Quantity,Buy_date,Price,buy_type) values ('C007','P001','S01',1,DATE '2018-10-10',100.00,'Normal');
INSERT INTO F18_25_CUST_BUYS(CustomerID,Product_ID,Store_ID,Quantity,Buy_date,Price,buy_type) values ('C007','P004','S01',1,DATE '2018-10-10',90.00,'Normal');
INSERT INTO F18_25_CUST_BUYS(CustomerID,Product_ID,Store_ID,Quantity,Buy_date,Price,buy_type) values ('C007','P006','S01',1,DATE '2018-10-10',75.00,'Normal');
INSERT INTO F18_25_CUST_BUYS(CustomerID,Product_ID,Store_ID,Quantity,Buy_date,Price,buy_type) values ('C007','P010','S01',1,DATE '2018-10-10',30.00,'Normal');
INSERT INTO F18_25_CUST_BUYS(CustomerID,Product_ID,Store_ID,Quantity,Buy_date,Price,buy_type) values ('C007','P035','S01',1,DATE '2018-10-10',200.00,'Normal');
INSERT INTO F18_25_CUST_BUYS(CustomerID,Product_ID,Store_ID,Quantity,Buy_date,Price,buy_type) values ('C007','P035','S01',1,DATE '2018-10-10',200.00,'Normal');
INSERT INTO F18_25_CUST_BUYS(CustomerID,Product_ID,Store_ID,Quantity,Buy_date,Price,buy_type) values ('C011','P040','S02',1,DATE '2018-10-11',90.00,'Normal');
INSERT INTO F18_25_CUST_BUYS(CustomerID,Product_ID,Store_ID,Quantity,Buy_date,Price,buy_type) values ('C011','P032','S02',1,DATE '2018-10-11',120.00,'Normal');
INSERT INTO F18_25_CUST_BUYS(CustomerID,Product_ID,Store_ID,Quantity,Buy_date,Price,buy_type) values ('C011','P001','S02',1,DATE '2018-10-11',100.00,'Normal');
INSERT INTO F18_25_CUST_BUYS(CustomerID,Product_ID,Store_ID,Quantity,Buy_date,Price,buy_type) values ('C006','P025','S03',1,DATE '2018-10-10',200.00,'Normal');
INSERT INTO F18_25_CUST_BUYS(CustomerID,Product_ID,Store_ID,Quantity,Buy_date,Price,buy_type) values ('C006','P035','S03',1,DATE '2018-10-10',200.00,'Normal');
INSERT INTO F18_25_CUST_BUYS(CustomerID,Product_ID,Store_ID,Quantity,Buy_date,Price,buy_type) values ('C006','P030','S03',1,DATE '2018-10-10',200.00,'Normal');
INSERT INTO F18_25_CUST_BUYS(CustomerID,Product_ID,Store_ID,Quantity,Buy_date,Price,buy_type) values ('C010','P005','S01',1,DATE '2018-10-13',100.00,'Normal');
INSERT INTO F18_25_CUST_BUYS(CustomerID,Product_ID,Store_ID,Quantity,Buy_date,Price,buy_type) values ('C010','P014','S01',1,DATE '2018-10-13',120.00,'Normal');
INSERT INTO F18_25_CUST_BUYS(CustomerID,Product_ID,Store_ID,Quantity,Buy_date,Price,buy_type) values ('C010','P007','S01',1,DATE '2018-10-13',80.00,'Normal');
INSERT INTO F18_25_CUST_BUYS(CustomerID,Product_ID,Store_ID,Quantity,Buy_date,Price,buy_type) values ('C010','P006','S01',1,DATE '2018-10-13',100.00,'Normal');
INSERT INTO F18_25_CUST_BUYS(CustomerID,Product_ID,Store_ID,Quantity,Buy_date,Price,buy_type) values ('C021','P005','S02',1,DATE '2018-10-14',120.00,'Normal');
INSERT INTO F18_25_CUST_BUYS(CustomerID,Product_ID,Store_ID,Quantity,Buy_date,Price,buy_type) values ('C021','P011','S02',1,DATE '2018-10-14',100.00,'Normal');
INSERT INTO F18_25_CUST_BUYS(CustomerID,Product_ID,Store_ID,Quantity,Buy_date,Price,buy_type) values ('C021','P034','S02',1,DATE '2018-10-14',100.00,'Normal');
INSERT INTO F18_25_CUST_BUYS(CustomerID,Product_ID,Store_ID,Quantity,Buy_date,Price,buy_type) values ('C021','P023','S02',1,DATE '2018-10-14',10.00,'Normal');
INSERT INTO F18_25_CUST_BUYS(CustomerID,Product_ID,Store_ID,Quantity,Buy_date,Price,buy_type) values ('C021','P015','S02',1,DATE '2018-10-14',130.00,'Normal');
INSERT INTO F18_25_CUST_BUYS(CustomerID,Product_ID,Store_ID,Quantity,Buy_date,Price,buy_type) values ('C017','P011','S01',1,DATE '2018-10-14',100.00,'Normal');
INSERT INTO F18_25_CUST_BUYS(CustomerID,Product_ID,Store_ID,Quantity,Buy_date,Price,buy_type) values ('C017','P012','S01',1,DATE '2018-10-14',100.00,'Normal');
INSERT INTO F18_25_CUST_BUYS(CustomerID,Product_ID,Store_ID,Quantity,Buy_date,Price,buy_type) values ('C017','P013','S01',1,DATE '2018-10-14',20.00,'Normal');
INSERT INTO F18_25_CUST_BUYS(CustomerID,Product_ID,Store_ID,Quantity,Buy_date,Price,buy_type) values ('C017','P010','S01',1,DATE '2018-10-14',120.00,'Normal');
INSERT INTO F18_25_CUST_BUYS(CustomerID,Product_ID,Store_ID,Quantity,Buy_date,Price,buy_type) values ('C013','P020','S03',1,DATE '2018-10-14',140.00,'Normal');
INSERT INTO F18_25_CUST_BUYS(CustomerID,Product_ID,Store_ID,Quantity,Buy_date,Price,buy_type) values ('C013','P022','S03',1,DATE '2018-10-14',120.00,'Normal');
INSERT INTO F18_25_CUST_BUYS(CustomerID,Product_ID,Store_ID,Quantity,Buy_date,Price,buy_type) values ('C013','P001','S03',1,DATE '2018-10-14',100.00,'Normal');
INSERT INTO F18_25_CUST_BUYS(CustomerID,Product_ID,Store_ID,Quantity,Buy_date,Price,buy_type) values ('C013','P023','S03',1,DATE '2018-10-14',90.00,'Normal');
INSERT INTO F18_25_CUST_BUYS(CustomerID,Product_ID,Store_ID,Quantity,Buy_date,Price,buy_type) values ('C014','P020','S02',1,DATE '2018-10-16',100.00,'Normal');
INSERT INTO F18_25_CUST_BUYS(CustomerID,Product_ID,Store_ID,Quantity,Buy_date,Price,buy_type) values ('C014','P021','S02',1,DATE '2018-10-16',120.00,'Normal');
INSERT INTO F18_25_CUST_BUYS(CustomerID,Product_ID,Store_ID,Quantity,Buy_date,Price,buy_type) values ('C014','P022','S02',1,DATE '2018-10-16',110.00,'Normal');
INSERT INTO F18_25_CUST_BUYS(CustomerID,Product_ID,Store_ID,Quantity,Buy_date,Price,buy_type) values ('C014','P023','S02',1,DATE '2018-10-16',100.00,'Normal');
INSERT INTO F18_25_CUST_BUYS(CustomerID,Product_ID,Store_ID,Quantity,Buy_date,Price,buy_type) values ('C016','P013','S03',1,DATE '2018-10-16',100.00,'Normal');
INSERT INTO F18_25_CUST_BUYS(CustomerID,Product_ID,Store_ID,Quantity,Buy_date,Price,buy_type) values ('C016','P015','S03',1,DATE '2018-10-16',100.00,'Normal');
INSERT INTO F18_25_CUST_BUYS(CustomerID,Product_ID,Store_ID,Quantity,Buy_date,Price,buy_type) values ('C016','P017','S03',1,DATE '2018-10-16',100.00,'Normal');
INSERT INTO F18_25_CUST_BUYS(CustomerID,Product_ID,Store_ID,Quantity,Buy_date,Price,buy_type) values ('C032','P025','S01',1,DATE '2018-10-17',100.00,'Normal');
INSERT INTO F18_25_CUST_BUYS(CustomerID,Product_ID,Store_ID,Quantity,Buy_date,Price,buy_type) values ('C032','P026','S01',1,DATE '2018-10-17',100.00,'Normal');
INSERT INTO F18_25_CUST_BUYS(CustomerID,Product_ID,Store_ID,Quantity,Buy_date,Price,buy_type) values ('C032','P030','S01',1,DATE '2018-10-17',100.00,'Normal');
INSERT INTO F18_25_CUST_BUYS(CustomerID,Product_ID,Store_ID,Quantity,Buy_date,Price,buy_type) values ('C029','P025','S01',1,DATE '2018-10-18',120.00,'Normal');
INSERT INTO F18_25_CUST_BUYS(CustomerID,Product_ID,Store_ID,Quantity,Buy_date,Price,buy_type) values ('C029','P026','S01',1,DATE '2018-10-18',110.00,'Normal');
INSERT INTO F18_25_CUST_BUYS(CustomerID,Product_ID,Store_ID,Quantity,Buy_date,Price,buy_type) values ('C029','P030','S01',1,DATE '2018-10-18',120.00,'Normal');
INSERT INTO F18_25_CUST_BUYS(CustomerID,Product_ID,Store_ID,Quantity,Buy_date,Price,buy_type) values ('C040','P025','S03',1,DATE '2018-10-19',100.00,'Normal');
INSERT INTO F18_25_CUST_BUYS(CustomerID,Product_ID,Store_ID,Quantity,Buy_date,Price,buy_type) values ('C040','P026','S03',1,DATE '2018-10-19',100.00,'Normal');
INSERT INTO F18_25_CUST_BUYS(CustomerID,Product_ID,Store_ID,Quantity,Buy_date,Price,buy_type) values ('C040','P030','S03',1,DATE '2018-10-19',100.00,'Normal');
INSERT INTO F18_25_CUST_BUYS(CustomerID,Product_ID,Store_ID,Quantity,Buy_date,Price,buy_type) values ('C018','P025','S01',1,DATE '2018-10-20',100.00,'Normal');
INSERT INTO F18_25_CUST_BUYS(CustomerID,Product_ID,Store_ID,Quantity,Buy_date,Price,buy_type) values ('C018','P026','S01',1,DATE '2018-10-20',180.00,'Normal');
INSERT INTO F18_25_CUST_BUYS(CustomerID,Product_ID,Store_ID,Quantity,Buy_date,Price,buy_type) values ('C018','P030','S01',1,DATE '2018-10-20',220.00,'Normal');
INSERT INTO F18_25_CUST_BUYS(CustomerID,Product_ID,Store_ID,Quantity,Buy_date,Price,buy_type) values ('C011','P024','S02',1,DATE '2018-10-20',100.00,'Normal');
INSERT INTO F18_25_CUST_BUYS(CustomerID,Product_ID,Store_ID,Quantity,Buy_date,Price,buy_type) values ('C011','P010','S02',1,DATE '2018-10-20',180.00,'Normal');
INSERT INTO F18_25_CUST_BUYS(CustomerID,Product_ID,Store_ID,Quantity,Buy_date,Price,buy_type) values ('C011','P013','S02',1,DATE '2018-10-20',220.00,'Normal');
INSERT INTO F18_25_CUST_BUYS(CustomerID,Product_ID,Store_ID,Quantity,Buy_date,Price,buy_type) values ('C002','P030','S01',1,DATE '2018-08-11',200.00,'Normal');
INSERT INTO F18_25_CUST_BUYS(CustomerID,Product_ID,Store_ID,Quantity,Buy_date,Price,buy_type) values ('C004','P030','S01',1,DATE '2018-08-13',200.00,'Normal');
INSERT INTO F18_25_CUST_BUYS(CustomerID,Product_ID,Store_ID,Quantity,Buy_Date,Price,buy_type)
values('C003','P023','S01',3,DATE '2018-08-13',123.00,'Call');
INSERT INTO F18_25_CUST_BUYS(CustomerID,Product_ID,Store_ID,Quantity,Buy_Date,Price,buy_type)
values('C003','P024','S01',2,DATE '2018-08-13',50.34,'Call');
INSERT INTO F18_25_CUST_BUYS(CustomerID,Product_ID,Store_ID,Quantity,Buy_Date,Price,buy_type)
values('C003','P028','S01',1,DATE '2018-08-13',50.35,'Call');
INSERT INTO F18_25_CUST_BUYS(CustomerID,Product_ID,Store_ID,Quantity,Buy_Date,Price,buy_type)
values('C004','P034','S02',3,DATE '2018-08-16',35.97,'Call');
INSERT INTO F18_25_CUST_BUYS(CustomerID,Product_ID,Store_ID,Quantity,Buy_Date,Price,buy_type)
values('C004','P029','S03',3,DATE '2018-08-16',72.23,'Call');
INSERT INTO F18_25_CUST_BUYS(CustomerID,Product_ID,Store_ID,Quantity,Buy_Date,Price,buy_type)
values('C004','P026','S03',3,DATE '2018-08-18',33.21,'Call');
INSERT INTO F18_25_CUST_BUYS(CustomerID,Product_ID,Store_ID,Quantity,Buy_Date,Price,buy_type)
values('C004','P030','S01',2,DATE '2018-08-19',850.76,'Call');
INSERT INTO F18_25_CUST_BUYS(CustomerID,Product_ID,Store_ID,Quantity,Buy_Date,Price,buy_type)
values('C003','P036','S02',2,DATE '2018-08-24',285.12,'Call');
INSERT INTO F18_25_CUST_BUYS(CustomerID,Product_ID,Store_ID,Quantity,Buy_Date,Price,buy_type)
values('C003','P040','S03',1,DATE '2018-08-24',63.21,'Call');
INSERT INTO F18_25_CUST_BUYS(CustomerID,Product_ID,Store_ID,Quantity,Buy_Date,Price,buy_type)
values('C006','P033','S01',2,DATE '2018-08-26',12.50,'Call');
INSERT INTO F18_25_CUST_BUYS(CustomerID,Product_ID,Store_ID,Quantity,Buy_Date,Price,buy_type)
values('C006','P030','S01',4,DATE '2018-08-16',8.32,'Call');
INSERT INTO F18_25_CUST_BUYS(CustomerID,Product_ID,Store_ID,Quantity,Buy_Date,Price,buy_type)
values('C007','P038','S03',3,DATE '2018-08-26',22.18,'Call');
INSERT INTO F18_25_CUST_BUYS(CustomerID,Product_ID,Store_ID,Quantity,Buy_Date,Price,buy_type)
values('C019','P028','S02',1,DATE '2018-08-26',67.00,'Call');
INSERT INTO F18_25_CUST_BUYS(CustomerID,Product_ID,Store_ID,Quantity,Buy_Date,Price,buy_type)
values('C019','P026','S02',1,DATE '2018-08-26',30.57,'Call');
INSERT INTO F18_25_CUST_BUYS(CustomerID,Product_ID,Store_ID,Quantity,Buy_Date,Price,buy_type)
values('C019','P032','S02',1,DATE '2018-08-26',98.99,'Call');
INSERT INTO F18_25_CUST_BUYS(CustomerID,Product_ID,Store_ID,Quantity,Buy_Date,Price,buy_type)
values('C019','P037','S02',3,DATE '2018-08-30',25.73,'Call');
INSERT INTO F18_25_CUST_BUYS(CustomerID,Product_ID,Store_ID,Quantity,Buy_Date,Price,buy_type)
values('C020','P003','S03',3,DATE '2018-08-30',625.00,'Call');
INSERT INTO F18_25_CUST_BUYS(CustomerID,Product_ID,Store_ID,Quantity,Buy_Date,Price,buy_type)
values('C024','P004','S02',2,DATE '2018-09-01',409.00,'Call');
INSERT INTO F18_25_CUST_BUYS(CustomerID,Product_ID,Store_ID,Quantity,Buy_Date,Price,buy_type)
values('C030','P005','S01',1,DATE '2018-09-01',27.27,'Call');
INSERT INTO F18_25_CUST_BUYS(CustomerID,Product_ID,Store_ID,Quantity,Buy_Date,Price,buy_type)
values('C031','P006','S01',2,DATE '2018-09-05',60.27,'Call');
INSERT INTO F18_25_CUST_BUYS(CustomerID,Product_ID,Store_ID,Quantity,Buy_Date,Price,buy_type)
values('C031','P013','S01',1,DATE '2018-09-05',75.64,'Call');
INSERT INTO F18_25_CUST_BUYS(CustomerID,Product_ID,Store_ID,Quantity,Buy_Date,Price,buy_type)
values('C031','P016','S01',3,DATE '2018-09-06',186.74,'Call');
INSERT INTO F18_25_CUST_BUYS(CustomerID,Product_ID,Store_ID,Quantity,Buy_Date,Price,buy_type)
values('C033','P008','S02',1,DATE '2018-09-07',486.00,'Call');
INSERT INTO F18_25_CUST_BUYS(CustomerID,Product_ID,Store_ID,Quantity,Buy_Date,Price,buy_type)
values('C033','P009','S03',3,DATE '2018-09-24',86.80,'Call');
INSERT INTO F18_25_CUST_BUYS(CustomerID,Product_ID,Store_ID,Quantity,Buy_Date,Price,buy_type)
values('C036','P010','S02',1,DATE '2018-09-04',10.00,'Call');
INSERT INTO F18_25_CUST_BUYS(CustomerID,Product_ID,Store_ID,Quantity,Buy_Date,Price,buy_type)
values('C037','P017','S03',2,DATE '2018-09-09',543.87,'Call');
INSERT INTO F18_25_CUST_BUYS(CustomerID,Product_ID,Store_ID,Quantity,Buy_Date,Price,buy_type)
values('C037','P008','S01',2,DATE '2018-09-09',432.97,'Call');
INSERT INTO F18_25_CUST_BUYS(CustomerID,Product_ID,Store_ID,Quantity,Buy_Date,Price,buy_type)
values('C037','P005','S03',2,DATE '2018-09-09',53.85,'Call');
INSERT INTO F18_25_CUST_BUYS(CustomerID,Product_ID,Store_ID,Quantity,Buy_Date,Price,buy_type)
values('C037','P021','S02',2,DATE '2018-09-09',45.89,'Call');
INSERT INTO F18_25_CUST_BUYS(CustomerID,Product_ID,Store_ID,Quantity,Buy_Date,Price,buy_type)
values('C038','P019','S01',2,DATE '2018-09-15',77.45,'Call');
INSERT INTO F18_25_CUST_BUYS(CustomerID,Product_ID,Store_ID,Quantity,Buy_Date,Price,buy_type)
values('C038','P031','S02',3,DATE '2018-09-15',976.00,'Call');
INSERT INTO F18_25_CUST_BUYS(CustomerID,Product_ID,Store_ID,Quantity,Buy_Date,Price,buy_type)
values('C038','P032','S02',2,DATE '2018-09-28',34.97,'Call');
INSERT INTO F18_25_CUST_BUYS(CustomerID,Product_ID,Store_ID,Quantity,Buy_Date,Price,buy_type)
values('C039','P033','S02',3,DATE '2018-09-28',53.09,'Call');
INSERT INTO F18_25_CUST_BUYS(CustomerID,Product_ID,Store_ID,Quantity,Buy_Date,Price,buy_type)
values('C039','P014','S02',2,DATE '2018-09-28',82.75,'Call');
INSERT INTO F18_25_CUST_BUYS(CustomerID,Product_ID,Store_ID,Quantity,Buy_Date,Price,buy_type)
values('C039','P009','S02',3,DATE '2018-09-28',39.85,'Call');
INSERT INTO F18_25_CUST_BUYS(CustomerID,Product_ID,Store_ID,Quantity,Buy_Date,Price,buy_type)
values('C007','P006','S03',3,DATE '2018-09-03',222.00,'Call');
INSERT INTO F18_25_CUST_BUYS(CustomerID,Product_ID,Store_ID,Quantity,Buy_Date,Price,buy_type)
values('C007','P027','S01',1,DATE '2018-09-03',73.86,'Call');
INSERT INTO F18_25_CUST_BUYS(CustomerID,Product_ID,Store_ID,Quantity,Buy_Date,Price,buy_type)
values('C007','P037','S01',1,DATE '2018-09-03',76.66,'Call');
INSERT INTO F18_25_CUST_BUYS(CustomerID,Product_ID,Store_ID,Quantity,Buy_Date,Price,buy_type)
values('C020','P028','S03',2,DATE '2018-09-04',309.00,'Call');
INSERT INTO F18_25_CUST_BUYS(CustomerID,Product_ID,Store_ID,Quantity,Buy_Date,Price,buy_type)
values('C020','P037','S03',3,DATE '2018-09-18',687.00,'Call');
INSERT INTO F18_25_CUST_BUYS(CustomerID,Product_ID,Store_ID,Quantity,Buy_Date,Price,buy_type)
values('C024','P015','S01',2,DATE '2018-10-10',54.87,'Call');
INSERT INTO F18_25_CUST_BUYS(CustomerID,Product_ID,Store_ID,Quantity,Buy_Date,Price,buy_type)
values('C024','P023','S02',1,DATE '2018-10-10',39.76,'Call');
INSERT INTO F18_25_CUST_BUYS(CustomerID,Product_ID,Store_ID,Quantity,Buy_Date,Price,buy_type)
values('C024','P024','S01',3,DATE '2018-10-10',63.64,'Call');
INSERT INTO F18_25_CUST_BUYS(CustomerID,Product_ID,Store_ID,Quantity,Buy_Date,Price,buy_type)
values('C030','P025','S03',4,DATE '2018-10-15',45.76,'Call');
INSERT INTO F18_25_CUST_BUYS(CustomerID,Product_ID,Store_ID,Quantity,Buy_Date,Price,buy_type)
values('C030','P026','S03',2,DATE '2018-10-31',43.97,'Call');
INSERT INTO F18_25_CUST_BUYS(CustomerID,Product_ID,Store_ID,Quantity,Buy_Date,Price,buy_type)
values('C030','P027','S03',2,DATE '2018-10-31',65.38,'Call');
INSERT INTO F18_25_CUST_BUYS(CustomerID,Product_ID,Store_ID,Quantity,Buy_Date,Price,buy_type)
values('C036','P016','S02',2,DATE '2018-10-06',74.74,'Call');
INSERT INTO F18_25_CUST_BUYS(CustomerID,Product_ID,Store_ID,Quantity,Buy_Date,Price,buy_type)
values('C036','P017','S02',1,DATE '2018-10-06',53.73,'Call');
INSERT INTO F18_25_CUST_BUYS(CustomerID,Product_ID,Store_ID,Quantity,Buy_Date,Price,buy_type)
values('C036','P018','S02',3,DATE '2018-10-25',59.54,'Call');
INSERT INTO F18_25_CUST_BUYS(CustomerID,Product_ID,Store_ID,Quantity,Buy_Date,Price,buy_type)
values('C036','P019','S02',3,DATE '2018-10-12',748.00,'Call');


/*Insert queries for F18_25_Has table*/
INSERT INTO F18_25_Has(Warehouse_ID,Store_ID,Product_ID,Quantity_of_Reserved_Products)
VALUES('W001','S02','P001',98);
INSERT INTO F18_25_Has(Warehouse_ID,Store_ID,Product_ID,Quantity_of_Reserved_Products)
VALUES('W001','S02','P002',62);
INSERT INTO F18_25_Has(Warehouse_ID,Store_ID,Product_ID,Quantity_of_Reserved_Products)
VALUES('W002','S02','P003',59);
INSERT INTO F18_25_Has(Warehouse_ID,Store_ID,Product_ID,Quantity_of_Reserved_Products)
VALUES('W003','S02','P004',60);
INSERT INTO F18_25_Has(Warehouse_ID,Store_ID,Product_ID,Quantity_of_Reserved_Products)
VALUES('W002','S03','P005',25);
INSERT INTO F18_25_Has(Warehouse_ID,Store_ID,Product_ID,Quantity_of_Reserved_Products)
VALUES('W001','S03','P006',53);
INSERT INTO F18_25_Has(Warehouse_ID,Store_ID,Product_ID,Quantity_of_Reserved_Products)
VALUES('W003','S03','P007',75);
INSERT INTO F18_25_Has(Warehouse_ID,Store_ID,Product_ID,Quantity_of_Reserved_Products)
VALUES('W002','S01','P008',28);
INSERT INTO F18_25_Has(Warehouse_ID,Store_ID,Product_ID,Quantity_of_Reserved_Products)
VALUES('W003','S02','P009',84);
INSERT INTO F18_25_Has(Warehouse_ID,Store_ID,Product_ID,Quantity_of_Reserved_Products)
VALUES('W003','S01','P010',72);
INSERT INTO F18_25_Has(Warehouse_ID,Store_ID,Product_ID,Quantity_of_Reserved_Products)
VALUES('W003','S03','P011',21);
INSERT INTO F18_25_Has(Warehouse_ID,Store_ID,Product_ID,Quantity_of_Reserved_Products)
VALUES('W001','S03','P012',20);
INSERT INTO F18_25_Has(Warehouse_ID,Store_ID,Product_ID,Quantity_of_Reserved_Products)
VALUES('W001','S01','P013',20);
INSERT INTO F18_25_Has(Warehouse_ID,Store_ID,Product_ID,Quantity_of_Reserved_Products)
VALUES('W002','S01','P014',95);
INSERT INTO F18_25_Has(Warehouse_ID,Store_ID,Product_ID,Quantity_of_Reserved_Products)
VALUES('W001','S03','P015',23);
INSERT INTO F18_25_Has(Warehouse_ID,Store_ID,Product_ID,Quantity_of_Reserved_Products)
VALUES('W001','S02','P016',64);
INSERT INTO F18_25_Has(Warehouse_ID,Store_ID,Product_ID,Quantity_of_Reserved_Products)
VALUES('W001','S02','P017',86);
INSERT INTO F18_25_Has(Warehouse_ID,Store_ID,Product_ID,Quantity_of_Reserved_Products)
VALUES('W002','S02','P018',93);
INSERT INTO F18_25_Has(Warehouse_ID,Store_ID,Product_ID,Quantity_of_Reserved_Products)
VALUES('W003','S02','P019',60);
INSERT INTO F18_25_Has(Warehouse_ID,Store_ID,Product_ID,Quantity_of_Reserved_Products)
VALUES('W002','S02','P020',63);
INSERT INTO F18_25_Has(Warehouse_ID,Store_ID,Product_ID,Quantity_of_Reserved_Products)
VALUES('W002','S01','P021',67);
INSERT INTO F18_25_Has(Warehouse_ID,Store_ID,Product_ID,Quantity_of_Reserved_Products)
VALUES('W002','S02','P022',83);
INSERT INTO F18_25_Has(Warehouse_ID,Store_ID,Product_ID,Quantity_of_Reserved_Products)
VALUES('W003','S03','P023',85);
INSERT INTO F18_25_Has(Warehouse_ID,Store_ID,Product_ID,Quantity_of_Reserved_Products)
VALUES('W001','S01','P024',94);
INSERT INTO F18_25_Has(Warehouse_ID,Store_ID,Product_ID,Quantity_of_Reserved_Products)
VALUES('W002','S03','P025',48);
INSERT INTO F18_25_Has(Warehouse_ID,Store_ID,Product_ID,Quantity_of_Reserved_Products)
VALUES('W001','S02','P026',89);
INSERT INTO F18_25_Has(Warehouse_ID,Store_ID,Product_ID,Quantity_of_Reserved_Products)
VALUES('W002','S03','P027',95);
INSERT INTO F18_25_Has(Warehouse_ID,Store_ID,Product_ID,Quantity_of_Reserved_Products)
VALUES('W003','S02','P028',69);
INSERT INTO F18_25_Has(Warehouse_ID,Store_ID,Product_ID,Quantity_of_Reserved_Products)
VALUES('W003','S01','P029',72);
INSERT INTO F18_25_Has(Warehouse_ID,Store_ID,Product_ID,Quantity_of_Reserved_Products)
VALUES('W002','S01','P030',41);
INSERT INTO F18_25_Has(Warehouse_ID,Store_ID,Product_ID,Quantity_of_Reserved_Products)
VALUES('W001','S01','P031',52);
INSERT INTO F18_25_Has(Warehouse_ID,Store_ID,Product_ID,Quantity_of_Reserved_Products)
VALUES('W003','S01','P032',56);
INSERT INTO F18_25_Has(Warehouse_ID,Store_ID,Product_ID,Quantity_of_Reserved_Products)
VALUES('W002','S02','P033',100);
INSERT INTO F18_25_Has(Warehouse_ID,Store_ID,Product_ID,Quantity_of_Reserved_Products)
VALUES('W003','S03','P034',100);
INSERT INTO F18_25_Has(Warehouse_ID,Store_ID,Product_ID,Quantity_of_Reserved_Products)
VALUES('W003','S02','P035',79);
INSERT INTO F18_25_Has(Warehouse_ID,Store_ID,Product_ID,Quantity_of_Reserved_Products)
VALUES('W002','S02','P036',21);
INSERT INTO F18_25_Has(Warehouse_ID,Store_ID,Product_ID,Quantity_of_Reserved_Products)
VALUES('W002','S02','P037',71);
INSERT INTO F18_25_Has(Warehouse_ID,Store_ID,Product_ID,Quantity_of_Reserved_Products)
VALUES('W001','S02','P038',21);
INSERT INTO F18_25_Has(Warehouse_ID,Store_ID,Product_ID,Quantity_of_Reserved_Products)
VALUES('W001','S03','P039',71);
INSERT INTO F18_25_Has(Warehouse_ID,Store_ID,Product_ID,Quantity_of_Reserved_Products)
VALUES('W002','S01','P040',72);
INSERT INTO F18_25_Has(Warehouse_ID,Store_ID,Product_ID,Quantity_of_Reserved_Products)
VALUES('W002','S01','P015',22);
INSERT INTO F18_25_Has(Warehouse_ID,Store_ID,Product_ID,Quantity_of_Reserved_Products)
VALUES('W001','S03','P016',86);
INSERT INTO F18_25_Has(Warehouse_ID,Store_ID,Product_ID,Quantity_of_Reserved_Products)
VALUES('W001','S02','P017',84);
INSERT INTO F18_25_Has(Warehouse_ID,Store_ID,Product_ID,Quantity_of_Reserved_Products)
VALUES('W002','S01','P018',85);
INSERT INTO F18_25_Has(Warehouse_ID,Store_ID,Product_ID,Quantity_of_Reserved_Products)
VALUES('W002','S03','P019',65);
INSERT INTO F18_25_Has(Warehouse_ID,Store_ID,Product_ID,Quantity_of_Reserved_Products)
VALUES('W003','S03','P020',26);
INSERT INTO F18_25_Has(Warehouse_ID,Store_ID,Product_ID,Quantity_of_Reserved_Products)
VALUES('W003','S02','P021',87);
INSERT INTO F18_25_Has(Warehouse_ID,Store_ID,Product_ID,Quantity_of_Reserved_Products)
VALUES('W002','S01','P022',41);
INSERT INTO F18_25_Has(Warehouse_ID,Store_ID,Product_ID,Quantity_of_Reserved_Products)
VALUES('W003','S01','P023',35);
INSERT INTO F18_25_Has(Warehouse_ID,Store_ID,Product_ID,Quantity_of_Reserved_Products)
VALUES('W001','S01','P024',53);
INSERT INTO F18_25_Has(Warehouse_ID,Store_ID,Product_ID,Quantity_of_Reserved_Products)
VALUES('W002','S02','P025',39);
INSERT INTO F18_25_Has(Warehouse_ID,Store_ID,Product_ID,Quantity_of_Reserved_Products)
VALUES('W003','S02','P026',37);
INSERT INTO F18_25_Has(Warehouse_ID,Store_ID,Product_ID,Quantity_of_Reserved_Products)
VALUES('W003','S02','P027',20);
INSERT INTO F18_25_Has(Warehouse_ID,Store_ID,Product_ID,Quantity_of_Reserved_Products)
VALUES('W002','S01','P028',68);
INSERT INTO F18_25_Has(Warehouse_ID,Store_ID,Product_ID,Quantity_of_Reserved_Products)
VALUES('W001','S01','P029',34);
INSERT INTO F18_25_Has(Warehouse_ID,Store_ID,Product_ID,Quantity_of_Reserved_Products)
VALUES('W002','S01','P030',74);
INSERT INTO F18_25_Has(Warehouse_ID,Store_ID,Product_ID,Quantity_of_Reserved_Products)
VALUES('W001','S03','P031',45);
INSERT INTO F18_25_Has(Warehouse_ID,Store_ID,Product_ID,Quantity_of_Reserved_Products)
VALUES('W003','S03','P032',34);
INSERT INTO F18_25_Has(Warehouse_ID,Store_ID,Product_ID,Quantity_of_Reserved_Products)
VALUES('W002','S03','P033',61);
INSERT INTO F18_25_Has(Warehouse_ID,Store_ID,Product_ID,Quantity_of_Reserved_Products)
VALUES('W002','S01','P034',65);
INSERT INTO F18_25_Has(Warehouse_ID,Store_ID,Product_ID,Quantity_of_Reserved_Products)
VALUES('W002','S01','P035',72);
INSERT INTO F18_25_Has(Warehouse_ID,Store_ID,Product_ID,Quantity_of_Reserved_Products)
VALUES('W003','S01','P036',37);
INSERT INTO F18_25_Has(Warehouse_ID,Store_ID,Product_ID,Quantity_of_Reserved_Products)
VALUES('W002','S01','P037',24);
INSERT INTO F18_25_Has(Warehouse_ID,Store_ID,Product_ID,Quantity_of_Reserved_Products)
VALUES('W001','S01','P038',90);
INSERT INTO F18_25_Has(Warehouse_ID,Store_ID,Product_ID,Quantity_of_Reserved_Products)
VALUES('W001','S01','P039',84);
INSERT INTO F18_25_Has(Warehouse_ID,Store_ID,Product_ID,Quantity_of_Reserved_Products)
VALUES('W001','S03','P040',56);
INSERT INTO F18_25_Has(Warehouse_ID,Store_ID,Product_ID,Quantity_of_Reserved_Products)
VALUES('W002','S03','P001',44);
INSERT INTO F18_25_Has(Warehouse_ID,Store_ID,Product_ID,Quantity_of_Reserved_Products)
VALUES('W001','S03','P002',69);
INSERT INTO F18_25_Has(Warehouse_ID,Store_ID,Product_ID,Quantity_of_Reserved_Products)
VALUES('W001','S02','P003',83);
INSERT INTO F18_25_Has(Warehouse_ID,Store_ID,Product_ID,Quantity_of_Reserved_Products)
VALUES('W003','S02','P004',47);
INSERT INTO F18_25_Has(Warehouse_ID,Store_ID,Product_ID,Quantity_of_Reserved_Products)
VALUES('W003','S02','P005',61);
INSERT INTO F18_25_Has(Warehouse_ID,Store_ID,Product_ID,Quantity_of_Reserved_Products)
VALUES('W003','S02','P006',73);
INSERT INTO F18_25_Has(Warehouse_ID,Store_ID,Product_ID,Quantity_of_Reserved_Products)
VALUES('W002','S03','P007',27);
INSERT INTO F18_25_Has(Warehouse_ID,Store_ID,Product_ID,Quantity_of_Reserved_Products)
VALUES('W003','S03','P008',38);
INSERT INTO F18_25_Has(Warehouse_ID,Store_ID,Product_ID,Quantity_of_Reserved_Products)
VALUES('W001','S03','P009',94);
INSERT INTO F18_25_Has(Warehouse_ID,Store_ID,Product_ID,Quantity_of_Reserved_Products)
VALUES('W002','S03','P010',34);
INSERT INTO F18_25_Has(Warehouse_ID,Store_ID,Product_ID,Quantity_of_Reserved_Products)
VALUES('W003','S01','P011',35);
INSERT INTO F18_25_Has(Warehouse_ID,Store_ID,Product_ID,Quantity_of_Reserved_Products)
VALUES('W002','S01','P012',35);
INSERT INTO F18_25_Has(Warehouse_ID,Store_ID,Product_ID,Quantity_of_Reserved_Products)
VALUES('W001','S01','P013',74);
INSERT INTO F18_25_Has(Warehouse_ID,Store_ID,Product_ID,Quantity_of_Reserved_Products)
VALUES('W001','S01','P014',63);
INSERT INTO F18_25_Has(Warehouse_ID,Store_ID,Product_ID,Quantity_of_Reserved_Products)
VALUES('W002','S02','P015',21);
INSERT INTO F18_25_Has(Warehouse_ID,Store_ID,Product_ID,Quantity_of_Reserved_Products)
VALUES('W001','S02','P016',94);
INSERT INTO F18_25_Has(Warehouse_ID,Store_ID,Product_ID,Quantity_of_Reserved_Products)
VALUES('W001','S02','P017',78);
INSERT INTO F18_25_Has(Warehouse_ID,Store_ID,Product_ID,Quantity_of_Reserved_Products)
VALUES('W002','S02','P018',59);
INSERT INTO F18_25_Has(Warehouse_ID,Store_ID,Product_ID,Quantity_of_Reserved_Products)
VALUES('W002','S02','P019',41);
INSERT INTO F18_25_Has(Warehouse_ID,Store_ID,Product_ID,Quantity_of_Reserved_Products)
VALUES('W003','S01','P020',63);
INSERT INTO F18_25_Has(Warehouse_ID,Store_ID,Product_ID,Quantity_of_Reserved_Products)
VALUES('W003','S01','P021',41);
INSERT INTO F18_25_Has(Warehouse_ID,Store_ID,Product_ID,Quantity_of_Reserved_Products)
VALUES('W002','S01','P022',42);
INSERT INTO F18_25_Has(Warehouse_ID,Store_ID,Product_ID,Quantity_of_Reserved_Products)
VALUES('W003','S01','P023',49);
INSERT INTO F18_25_Has(Warehouse_ID,Store_ID,Product_ID,Quantity_of_Reserved_Products)
VALUES('W001','S03','P024',52);
INSERT INTO F18_25_Has(Warehouse_ID,Store_ID,Product_ID,Quantity_of_Reserved_Products)
VALUES('W002','S03','P025',34);
INSERT INTO F18_25_Has(Warehouse_ID,Store_ID,Product_ID,Quantity_of_Reserved_Products)
VALUES('W003','S03','P026',34);
INSERT INTO F18_25_Has(Warehouse_ID,Store_ID,Product_ID,Quantity_of_Reserved_Products)
VALUES('W003','S02','P027',54);
INSERT INTO F18_25_Has(Warehouse_ID,Store_ID,Product_ID,Quantity_of_Reserved_Products)
VALUES('W002','S02','P028',98);
INSERT INTO F18_25_Has(Warehouse_ID,Store_ID,Product_ID,Quantity_of_Reserved_Products)
VALUES('W001','S02','P029',78);
INSERT INTO F18_25_Has(Warehouse_ID,Store_ID,Product_ID,Quantity_of_Reserved_Products)
VALUES('W002','S01','P021',94);
INSERT INTO F18_25_Has(Warehouse_ID,Store_ID,Product_ID,Quantity_of_Reserved_Products)
VALUES('W001','S01','P022',61);
INSERT INTO F18_25_Has(Warehouse_ID,Store_ID,Product_ID,Quantity_of_Reserved_Products)
VALUES('W003','S01','P023',100);
INSERT INTO F18_25_Has(Warehouse_ID,Store_ID,Product_ID,Quantity_of_Reserved_Products)
VALUES('W002','S01','P024',32);
INSERT INTO F18_25_Has(Warehouse_ID,Store_ID,Product_ID,Quantity_of_Reserved_Products)
VALUES('W002','S01','P025',65);
INSERT INTO F18_25_Has(Warehouse_ID,Store_ID,Product_ID,Quantity_of_Reserved_Products)
VALUES('W002','S01','P026',75);
INSERT INTO F18_25_Has(Warehouse_ID,Store_ID,Product_ID,Quantity_of_Reserved_Products)
VALUES('W003','S02','P027',45);
INSERT INTO F18_25_Has(Warehouse_ID,Store_ID,Product_ID,Quantity_of_Reserved_Products)
VALUES('W002','S02','P028',29);
INSERT INTO F18_25_Has(Warehouse_ID,Store_ID,Product_ID,Quantity_of_Reserved_Products)
VALUES('W001','S02','P029',39);
INSERT INTO F18_25_Has(Warehouse_ID,Store_ID,Product_ID,Quantity_of_Reserved_Products)
VALUES('W001','S01','P030',29);
INSERT INTO F18_25_Has(Warehouse_ID,Store_ID,Product_ID,Quantity_of_Reserved_Products)
VALUES('W001','S01','P031',92);
INSERT INTO F18_25_Has(Warehouse_ID,Store_ID,Product_ID,Quantity_of_Reserved_Products)
VALUES('W002','S01','P032',92);
INSERT INTO F18_25_Has(Warehouse_ID,Store_ID,Product_ID,Quantity_of_Reserved_Products)
VALUES('W001','S03','P033',40);
INSERT INTO F18_25_Has(Warehouse_ID,Store_ID,Product_ID,Quantity_of_Reserved_Products)
VALUES('W001','S03','P034',40);
INSERT INTO F18_25_Has(Warehouse_ID,Store_ID,Product_ID,Quantity_of_Reserved_Products)
VALUES('W003','S03','P035',21);
INSERT INTO F18_25_Has(Warehouse_ID,Store_ID,Product_ID,Quantity_of_Reserved_Products)
VALUES('W003','S01','P036',100);
INSERT INTO F18_25_Has(Warehouse_ID,Store_ID,Product_ID,Quantity_of_Reserved_Products)
VALUES('W003','S01','P037',27);
INSERT INTO F18_25_Has(Warehouse_ID,Store_ID,Product_ID,Quantity_of_Reserved_Products)
VALUES('W002','S01','P038',59);
INSERT INTO F18_25_Has(Warehouse_ID,Store_ID,Product_ID,Quantity_of_Reserved_Products)
VALUES('W003','S01','P039',47);
INSERT INTO F18_25_Has(Warehouse_ID,Store_ID,Product_ID,Quantity_of_Reserved_Products)
VALUES('W001','S01','P040',44);
INSERT INTO F18_25_Has(Warehouse_ID,Store_ID,Product_ID,Quantity_of_Reserved_Products)
VALUES('W002','S01','P001',85);
INSERT INTO F18_25_Has(Warehouse_ID,Store_ID,Product_ID,Quantity_of_Reserved_Products)
VALUES('W003','S03','P002',63);
INSERT INTO F18_25_Has(Warehouse_ID,Store_ID,Product_ID,Quantity_of_Reserved_Products)
VALUES('W002','S03','P003',97);
INSERT INTO F18_25_Has(Warehouse_ID,Store_ID,Product_ID,Quantity_of_Reserved_Products)
VALUES('W001','S03','P004',38);
INSERT INTO F18_25_Has(Warehouse_ID,Store_ID,Product_ID,Quantity_of_Reserved_Products)
VALUES('W001','S02','P005',98);
INSERT INTO F18_25_Has(Warehouse_ID,Store_ID,Product_ID,Quantity_of_Reserved_Products)
VALUES('W002','S02','P006',69);
INSERT INTO F18_25_Has(Warehouse_ID,Store_ID,Product_ID,Quantity_of_Reserved_Products)
VALUES('W002','S02','P007',25);
INSERT INTO F18_25_Has(Warehouse_ID,Store_ID,Product_ID,Quantity_of_Reserved_Products)
VALUES('W002','S02','P008',74);
INSERT INTO F18_25_Has(Warehouse_ID,Store_ID,Product_ID,Quantity_of_Reserved_Products)
VALUES('W003','S03','P009',95);
INSERT INTO F18_25_Has(Warehouse_ID,Store_ID,Product_ID,Quantity_of_Reserved_Products)
VALUES('W001','S03','P010',47);
INSERT INTO F18_25_Has(Warehouse_ID,Store_ID,Product_ID,Quantity_of_Reserved_Products)
VALUES('W002','S03','P011',100);
INSERT INTO F18_25_Has(Warehouse_ID,Store_ID,Product_ID,Quantity_of_Reserved_Products)
VALUES('W001','S03','P012',44);
INSERT INTO F18_25_Has(Warehouse_ID,Store_ID,Product_ID,Quantity_of_Reserved_Products)
VALUES('W002','S01','P013',35);
INSERT INTO F18_25_Has(Warehouse_ID,Store_ID,Product_ID,Quantity_of_Reserved_Products)
VALUES('W003','S01','P014',87);
INSERT INTO F18_25_Has(Warehouse_ID,Store_ID,Product_ID,Quantity_of_Reserved_Products)
VALUES('W003','S01','P015',25);
INSERT INTO F18_25_Has(Warehouse_ID,Store_ID,Product_ID,Quantity_of_Reserved_Products)
VALUES('W002','S01','P016',31);
INSERT INTO F18_25_Has(Warehouse_ID,Store_ID,Product_ID,Quantity_of_Reserved_Products)
VALUES('W001','S02','P017',56);
INSERT INTO F18_25_Has(Warehouse_ID,Store_ID,Product_ID,Quantity_of_Reserved_Products)
VALUES('W003','S02','P018',34);
INSERT INTO F18_25_Has(Warehouse_ID,Store_ID,Product_ID,Quantity_of_Reserved_Products)
VALUES('W002','S02','P019',89);
INSERT INTO F18_25_Has(Warehouse_ID,Store_ID,Product_ID,Quantity_of_Reserved_Products)
VALUES('W003','S02','P020',73);
INSERT INTO F18_25_Has(Warehouse_ID,Store_ID,Product_ID,Quantity_of_Reserved_Products)
VALUES('W003','S02','P021',54);
INSERT INTO F18_25_Has(Warehouse_ID,Store_ID,Product_ID,Quantity_of_Reserved_Products)
VALUES('W002','S01','P022',49);
INSERT INTO F18_25_Has(Warehouse_ID,Store_ID,Product_ID,Quantity_of_Reserved_Products)
VALUES('W002','S01','P023',91);
INSERT INTO F18_25_Has(Warehouse_ID,Store_ID,Product_ID,Quantity_of_Reserved_Products)
VALUES('W001','S01','P024',71);
INSERT INTO F18_25_Has(Warehouse_ID,Store_ID,Product_ID,Quantity_of_Reserved_Products)
VALUES('W001','S01','P025',63);
INSERT INTO F18_25_Has(Warehouse_ID,Store_ID,Product_ID,Quantity_of_Reserved_Products)
VALUES('W002','S03','P026',71);
INSERT INTO F18_25_Has(Warehouse_ID,Store_ID,Product_ID,Quantity_of_Reserved_Products)
VALUES('W002','S03','P027',50);
INSERT INTO F18_25_Has(Warehouse_ID,Store_ID,Product_ID,Quantity_of_Reserved_Products)
VALUES('W001','S03','P028',55);
INSERT INTO F18_25_Has(Warehouse_ID,Store_ID,Product_ID,Quantity_of_Reserved_Products)
VALUES('W001','S02','P029',59);
INSERT INTO F18_25_Has(Warehouse_ID,Store_ID,Product_ID,Quantity_of_Reserved_Products)
VALUES('W002','S02','P001',59);
INSERT INTO F18_25_Has(Warehouse_ID,Store_ID,Product_ID,Quantity_of_Reserved_Products)
VALUES('W002','S02','P002',73);
INSERT INTO F18_25_Has(Warehouse_ID,Store_ID,Product_ID,Quantity_of_Reserved_Products)
VALUES('W003','S01','P003',53);
INSERT INTO F18_25_Has(Warehouse_ID,Store_ID,Product_ID,Quantity_of_Reserved_Products)
VALUES('W003','S01','P004',99);
INSERT INTO F18_25_Has(Warehouse_ID,Store_ID,Product_ID,Quantity_of_Reserved_Products)
VALUES('W002','S01','P005',48);
INSERT INTO F18_25_Has(Warehouse_ID,Store_ID,Product_ID,Quantity_of_Reserved_Products)
VALUES('W003','S01','P006',67);
INSERT INTO F18_25_Has(Warehouse_ID,Store_ID,Product_ID,Quantity_of_Reserved_Products)
VALUES('W001','S01','P007',100);
INSERT INTO F18_25_Has(Warehouse_ID,Store_ID,Product_ID,Quantity_of_Reserved_Products)
VALUES('W002','S01','P008',71);
INSERT INTO F18_25_Has(Warehouse_ID,Store_ID,Product_ID,Quantity_of_Reserved_Products)
VALUES('W003','S02','P009',63);
INSERT INTO F18_25_Has(Warehouse_ID,Store_ID,Product_ID,Quantity_of_Reserved_Products)
VALUES('W003','S02','P010',31);
INSERT INTO F18_25_Has(Warehouse_ID,Store_ID,Product_ID,Quantity_of_Reserved_Products)
VALUES('W002','S02','P011',57);
INSERT INTO F18_25_Has(Warehouse_ID,Store_ID,Product_ID,Quantity_of_Reserved_Products)
VALUES('W001','S01','P012',60);
INSERT INTO F18_25_Has(Warehouse_ID,Store_ID,Product_ID,Quantity_of_Reserved_Products)
VALUES('W002','S01','P013',80);
INSERT INTO F18_25_Has(Warehouse_ID,Store_ID,Product_ID,Quantity_of_Reserved_Products)
VALUES('W001','S01','P014',66);
INSERT INTO F18_25_Has(Warehouse_ID,Store_ID,Product_ID,Quantity_of_Reserved_Products)
VALUES('W003','S03','P015',31);
INSERT INTO F18_25_Has(Warehouse_ID,Store_ID,Product_ID,Quantity_of_Reserved_Products)
VALUES('W002','S03','P016',82);
INSERT INTO F18_25_Has(Warehouse_ID,Store_ID,Product_ID,Quantity_of_Reserved_Products)
VALUES('W002','S03','P017',36);
INSERT INTO F18_25_Has(Warehouse_ID,Store_ID,Product_ID,Quantity_of_Reserved_Products)
VALUES('W001','S01','P018',56);
INSERT INTO F18_25_Has(Warehouse_ID,Store_ID,Product_ID,Quantity_of_Reserved_Products)
VALUES('W001','S01','P019',71);
INSERT INTO F18_25_Has(Warehouse_ID,Store_ID,Product_ID,Quantity_of_Reserved_Products)
VALUES('W001','S01','P020',33);
INSERT INTO F18_25_Has(Warehouse_ID,Store_ID,Product_ID,Quantity_of_Reserved_Products)
VALUES('W001','S01','P021',31);
INSERT INTO F18_25_Has(Warehouse_ID,Store_ID,Product_ID,Quantity_of_Reserved_Products)
VALUES('W001','S01','P022',63);
INSERT INTO F18_25_Has(Warehouse_ID,Store_ID,Product_ID,Quantity_of_Reserved_Products)
VALUES('W001','S01','P023',87);
INSERT INTO F18_25_Has(Warehouse_ID,Store_ID,Product_ID,Quantity_of_Reserved_Products)
VALUES('W001','S03','P024',95);
INSERT INTO F18_25_Has(Warehouse_ID,Store_ID,Product_ID,Quantity_of_Reserved_Products)
VALUES('W001','S03','P025',61);
INSERT INTO F18_25_Has(Warehouse_ID,Store_ID,Product_ID,Quantity_of_Reserved_Products)
VALUES('W001','S03','P026',94);
INSERT INTO F18_25_Has(Warehouse_ID,Store_ID,Product_ID,Quantity_of_Reserved_Products)
VALUES('W001','S02','P027',58);
INSERT INTO F18_25_Has(Warehouse_ID,Store_ID,Product_ID,Quantity_of_Reserved_Products)
VALUES('W001','S02','P028',85);
INSERT INTO F18_25_Has(Warehouse_ID,Store_ID,Product_ID,Quantity_of_Reserved_Products)
VALUES('W001','S02','P029',53);
INSERT INTO F18_25_Has(Warehouse_ID,Store_ID,Product_ID,Quantity_of_Reserved_Products)
VALUES('W001','S02','P030',92);
INSERT INTO F18_25_Has(Warehouse_ID,Store_ID,Product_ID,Quantity_of_Reserved_Products)
VALUES('W002','S03','P031',92);
INSERT INTO F18_25_Has(Warehouse_ID,Store_ID,Product_ID,Quantity_of_Reserved_Products)
VALUES('W002','S03','P032',53);
INSERT INTO F18_25_Has(Warehouse_ID,Store_ID,Product_ID,Quantity_of_Reserved_Products)
VALUES('W002','S03','P033',71);
INSERT INTO F18_25_Has(Warehouse_ID,Store_ID,Product_ID,Quantity_of_Reserved_Products)
VALUES('W002','S03','P034',40);
INSERT INTO F18_25_Has(Warehouse_ID,Store_ID,Product_ID,Quantity_of_Reserved_Products)
VALUES('W002','S01','P035',72);
INSERT INTO F18_25_Has(Warehouse_ID,Store_ID,Product_ID,Quantity_of_Reserved_Products)
VALUES('W002','S01','P036',23);
INSERT INTO F18_25_Has(Warehouse_ID,Store_ID,Product_ID,Quantity_of_Reserved_Products)
VALUES('W002','S01','P037',94);
INSERT INTO F18_25_Has(Warehouse_ID,Store_ID,Product_ID,Quantity_of_Reserved_Products)
VALUES('W002','S01','P038',81);
INSERT INTO F18_25_Has(Warehouse_ID,Store_ID,Product_ID,Quantity_of_Reserved_Products)
VALUES('W002','S02','P039',39);
INSERT INTO F18_25_Has(Warehouse_ID,Store_ID,Product_ID,Quantity_of_Reserved_Products)
VALUES('W002','S02','P040',21);
INSERT INTO F18_25_Has(Warehouse_ID,Store_ID,Product_ID,Quantity_of_Reserved_Products)
VALUES('W002','S02','P015',95);
INSERT INTO F18_25_Has(Warehouse_ID,Store_ID,Product_ID,Quantity_of_Reserved_Products)
VALUES('W002','S02','P016',64);
INSERT INTO F18_25_Has(Warehouse_ID,Store_ID,Product_ID,Quantity_of_Reserved_Products)
VALUES('W002','S02','P017',78);
INSERT INTO F18_25_Has(Warehouse_ID,Store_ID,Product_ID,Quantity_of_Reserved_Products)
VALUES('W002','S01','P018',27);
INSERT INTO F18_25_Has(Warehouse_ID,Store_ID,Product_ID,Quantity_of_Reserved_Products)
VALUES('W002','S01','P019',56);
INSERT INTO F18_25_Has(Warehouse_ID,Store_ID,Product_ID,Quantity_of_Reserved_Products)
VALUES('W003','S01','P020',54);
INSERT INTO F18_25_Has(Warehouse_ID,Store_ID,Product_ID,Quantity_of_Reserved_Products)
VALUES('W003','S01','P021',92);
INSERT INTO F18_25_Has(Warehouse_ID,Store_ID,Product_ID,Quantity_of_Reserved_Products)
VALUES('W003','S03','P022',21);
INSERT INTO F18_25_Has(Warehouse_ID,Store_ID,Product_ID,Quantity_of_Reserved_Products)
VALUES('W003','S03','P023',37);
INSERT INTO F18_25_Has(Warehouse_ID,Store_ID,Product_ID,Quantity_of_Reserved_Products)
VALUES('W003','S03','P024',91);
INSERT INTO F18_25_Has(Warehouse_ID,Store_ID,Product_ID,Quantity_of_Reserved_Products)
VALUES('W003','S02','P025',44);
INSERT INTO F18_25_Has(Warehouse_ID,Store_ID,Product_ID,Quantity_of_Reserved_Products)
VALUES('W003','S02','P026',43);
INSERT INTO F18_25_Has(Warehouse_ID,Store_ID,Product_ID,Quantity_of_Reserved_Products)
VALUES('W003','S02','P036',77);
INSERT INTO F18_25_Has(Warehouse_ID,Store_ID,Product_ID,Quantity_of_Reserved_Products)
VALUES('W003','S01','P037',61);
INSERT INTO F18_25_Has(Warehouse_ID,Store_ID,Product_ID,Quantity_of_Reserved_Products)
VALUES('W003','S01','P038',97);
INSERT INTO F18_25_Has(Warehouse_ID,Store_ID,Product_ID,Quantity_of_Reserved_Products)
VALUES('W003','S01','P039',42);
INSERT INTO F18_25_Has(Warehouse_ID,Store_ID,Product_ID,Quantity_of_Reserved_Products)
VALUES('W003','S01','P040',40);
INSERT INTO F18_25_Has(Warehouse_ID,Store_ID,Product_ID,Quantity_of_Reserved_Products)
VALUES('W003','S01','P015',81);
INSERT INTO F18_25_Has(Warehouse_ID,Store_ID,Product_ID,Quantity_of_Reserved_Products)
VALUES('W003','S01','P016',55);
INSERT INTO F18_25_Has(Warehouse_ID,Store_ID,Product_ID,Quantity_of_Reserved_Products)
VALUES('W003','S02','P017',47);
INSERT INTO F18_25_Has(Warehouse_ID,Store_ID,Product_ID,Quantity_of_Reserved_Products)
VALUES('W003','S02','P018',29);
INSERT INTO F18_25_Has(Warehouse_ID,Store_ID,Product_ID,Quantity_of_Reserved_Products)
VALUES('W003','S02','P019',63);
INSERT INTO F18_25_Has(Warehouse_ID,Store_ID,Product_ID,Quantity_of_Reserved_Products)
VALUES('W003','S01','P020',35);
INSERT INTO F18_25_Has(Warehouse_ID,Store_ID,Product_ID,Quantity_of_Reserved_Products)
VALUES('W003','S01','P021',94);
INSERT INTO F18_25_Has(Warehouse_ID,Store_ID,Product_ID,Quantity_of_Reserved_Products)
VALUES('W003','S01','P022',95);
INSERT INTO F18_25_Has(Warehouse_ID,Store_ID,Product_ID,Quantity_of_Reserved_Products)
VALUES('W003','S03','P023',62);
INSERT INTO F18_25_Has(Warehouse_ID,Store_ID,Product_ID,Quantity_of_Reserved_Products)
VALUES('W003','S03','P024',46);
INSERT INTO F18_25_Has(Warehouse_ID,Store_ID,Product_ID,Quantity_of_Reserved_Products)
VALUES('W003','S03','P016',24);
INSERT INTO F18_25_Has(Warehouse_ID,Store_ID,Product_ID,Quantity_of_Reserved_Products)
VALUES('W003','S01','P017',71);
INSERT INTO F18_25_Has(Warehouse_ID,Store_ID,Product_ID,Quantity_of_Reserved_Products)
VALUES('W002','S01','P018',93);
INSERT INTO F18_25_Has(Warehouse_ID,Store_ID,Product_ID,Quantity_of_Reserved_Products)
VALUES('W002','S01','P019',80);
INSERT INTO F18_25_Has(Warehouse_ID,Store_ID,Product_ID,Quantity_of_Reserved_Products)
VALUES('W002','S01','P020',57);
INSERT INTO F18_25_Has(Warehouse_ID,Store_ID,Product_ID,Quantity_of_Reserved_Products)
VALUES('W002','S01','P021',21);
INSERT INTO F18_25_Has(Warehouse_ID,Store_ID,Product_ID,Quantity_of_Reserved_Products)
VALUES('W002','S01','P022',66);
INSERT INTO F18_25_Has(Warehouse_ID,Store_ID,Product_ID,Quantity_of_Reserved_Products)
VALUES('W002','S03','P023',32);
INSERT INTO F18_25_Has(Warehouse_ID,Store_ID,Product_ID,Quantity_of_Reserved_Products)
VALUES('W002','S03','P024',26);
INSERT INTO F18_25_Has(Warehouse_ID,Store_ID,Product_ID,Quantity_of_Reserved_Products)
VALUES('W002','S03','P025',79);
INSERT INTO F18_25_Has(Warehouse_ID,Store_ID,Product_ID,Quantity_of_Reserved_Products)
VALUES('W002','S02','P026',79);
INSERT INTO F18_25_Has(Warehouse_ID,Store_ID,Product_ID,Quantity_of_Reserved_Products)
VALUES('W002','S02','P027',34);
INSERT INTO F18_25_Has(Warehouse_ID,Store_ID,Product_ID,Quantity_of_Reserved_Products)
VALUES('W002','S02','P028',75);
INSERT INTO F18_25_Has(Warehouse_ID,Store_ID,Product_ID,Quantity_of_Reserved_Products)
VALUES('W002','S02','P029',77);
INSERT INTO F18_25_Has(Warehouse_ID,Store_ID,Product_ID,Quantity_of_Reserved_Products)
VALUES('W002','S03','P030',95);
INSERT INTO F18_25_Has(Warehouse_ID,Store_ID,Product_ID,Quantity_of_Reserved_Products)
VALUES('W002','S03','P031',83);
INSERT INTO F18_25_Has(Warehouse_ID,Store_ID,Product_ID,Quantity_of_Reserved_Products)
VALUES('W002','S03','P032',22);
INSERT INTO F18_25_Has(Warehouse_ID,Store_ID,Product_ID,Quantity_of_Reserved_Products)
VALUES('W001','S03','P033',77);
INSERT INTO F18_25_Has(Warehouse_ID,Store_ID,Product_ID,Quantity_of_Reserved_Products)
VALUES('W001','S01','P034',73);
INSERT INTO F18_25_Has(Warehouse_ID,Store_ID,Product_ID,Quantity_of_Reserved_Products)
VALUES('W001','S01','P035',34);
INSERT INTO F18_25_Has(Warehouse_ID,Store_ID,Product_ID,Quantity_of_Reserved_Products)
VALUES('W001','S01','P036',91);
INSERT INTO F18_25_Has(Warehouse_ID,Store_ID,Product_ID,Quantity_of_Reserved_Products)
VALUES('W001','S01','P019',70);
INSERT INTO F18_25_Has(Warehouse_ID,Store_ID,Product_ID,Quantity_of_Reserved_Products)
VALUES('W001','S02','P020',91);
INSERT INTO F18_25_Has(Warehouse_ID,Store_ID,Product_ID,Quantity_of_Reserved_Products)
VALUES('W001','S02','P021',88);
INSERT INTO F18_25_Has(Warehouse_ID,Store_ID,Product_ID,Quantity_of_Reserved_Products)
VALUES('W001','S02','P022',22);
INSERT INTO F18_25_Has(Warehouse_ID,Store_ID,Product_ID,Quantity_of_Reserved_Products)
VALUES('W001','S02','P023',45);
INSERT INTO F18_25_Has(Warehouse_ID,Store_ID,Product_ID,Quantity_of_Reserved_Products)
VALUES('W001','S02','P024',90);
INSERT INTO F18_25_Has(Warehouse_ID,Store_ID,Product_ID,Quantity_of_Reserved_Products)
VALUES('W001','S01','P025',100);
INSERT INTO F18_25_Has(Warehouse_ID,Store_ID,Product_ID,Quantity_of_Reserved_Products)
VALUES('W001','S01','P026',46);
INSERT INTO F18_25_Has(Warehouse_ID,Store_ID,Product_ID,Quantity_of_Reserved_Products)
VALUES('W001','S01','P027',92);
INSERT INTO F18_25_Has(Warehouse_ID,Store_ID,Product_ID,Quantity_of_Reserved_Products)
VALUES('W001','S01','P028',63);
INSERT INTO F18_25_Has(Warehouse_ID,Store_ID,Product_ID,Quantity_of_Reserved_Products)
VALUES('W001','S03','P029',50);
INSERT INTO F18_25_Has(Warehouse_ID,Store_ID,Product_ID,Quantity_of_Reserved_Products)
VALUES('W002','S03','P030',53);
INSERT INTO F18_25_Has(Warehouse_ID,Store_ID,Product_ID,Quantity_of_Reserved_Products)
VALUES('W003','S03','P031',68);
INSERT INTO F18_25_Has(Warehouse_ID,Store_ID,Product_ID,Quantity_of_Reserved_Products)
VALUES('W002','S02','P018',68);
INSERT INTO F18_25_Has(Warehouse_ID,Store_ID,Product_ID,Quantity_of_Reserved_Products)
VALUES('W001','S02','P019',45);
INSERT INTO F18_25_Has(Warehouse_ID,Store_ID,Product_ID,Quantity_of_Reserved_Products)
VALUES('W003','S02','P020',97);
INSERT INTO F18_25_Has(Warehouse_ID,Store_ID,Product_ID,Quantity_of_Reserved_Products)
VALUES('W002','S01','P021',89);


/*Insert for F18_25_Supplier Buys */
Insert into F18_25_Supplier_buys(Supplier_ID,Warehouse_ID,Buy_date,Amount_paid) 
values ('SU001','W001',Date '2018-08-08',2000.00);
Insert into F18_25_Supplier_buys(Supplier_ID,Warehouse_ID,Buy_date,Amount_paid) 
values ('SU002','W001',Date '2018-08-09',1000.00);
Insert into F18_25_Supplier_buys(Supplier_ID,Warehouse_ID,Buy_date,Amount_paid) 
values ('SU004','W001',Date '2018-08-10',3000.00);
Insert into F18_25_Supplier_buys(Supplier_ID,Warehouse_ID,Buy_date,Amount_paid) 
values ('SU005','W001',Date '2018-08-10',1000.00);
Insert into F18_25_Supplier_buys(Supplier_ID,Warehouse_ID,Buy_date,Amount_paid) 
values ('SU007','W001',Date '2018-08-11',1000.00);
Insert into F18_25_Supplier_buys(Supplier_ID,Warehouse_ID,Buy_date,Amount_paid) 
values ('SU001','W002',Date '2018-08-12',2000.00);
Insert into F18_25_Supplier_buys(Supplier_ID,Warehouse_ID,Buy_date,Amount_paid) 
values ('SU002','W002',Date '2018-08-13',2000.00);
Insert into F18_25_Supplier_buys(Supplier_ID,Warehouse_ID,Buy_date,Amount_paid) 
values ('SU004','W002',Date '2018-08-14',2000.00);
Insert into F18_25_Supplier_buys(Supplier_ID,Warehouse_ID,Buy_date,Amount_paid) 
values ('SU009','W002',Date '2018-08-14',2000.00);
Insert into F18_25_Supplier_buys(Supplier_ID,Warehouse_ID,Buy_date,Amount_paid) 
values ('SU001','W003',Date '2018-08-08',2000.00);
Insert into F18_25_Supplier_buys(Supplier_ID,Warehouse_ID,Buy_date,Amount_paid) 
values ('SU008','W003',Date '2018-08-09',2000.00);
Insert into F18_25_Supplier_buys(Supplier_ID,Warehouse_ID,Buy_date,Amount_paid) 
values ('SU007','W003',Date '2018-08-10',2000.00);
Insert into F18_25_Supplier_buys(Supplier_ID,Warehouse_ID,Buy_date,Amount_paid) 
values ('SU010','W003',Date '2018-08-10',2000.00);
Insert into F18_25_Supplier_buys(Supplier_ID,Warehouse_ID,Buy_date,Amount_paid)
values ('SU003','W003',Date '2018-08-11',2000.00);

/*Create Table for F18_25_Supplier_purchase */
Insert into F18_25_Supplier_purchase(Supplier_ID,Product_ID,Warehouse_ID,Sup_buy_date,Quantity,Purchase_price)
values('SU001','P001','W001',Date '2018-08-08',10,50.00);
Insert into F18_25_Supplier_purchase(Supplier_ID,Product_ID,Warehouse_ID,Sup_buy_date,Quantity,Purchase_price)
values('SU001','P013','W001',Date '2018-08-08',10,100.00);
Insert into F18_25_Supplier_purchase(Supplier_ID,Product_ID,Warehouse_ID,Sup_buy_date,Quantity,Purchase_price)
values('SU001','P006','W001',Date '2018-08-08',10,60.00);
Insert into F18_25_Supplier_purchase(Supplier_ID,Product_ID,Warehouse_ID,Sup_buy_date,Quantity,Purchase_price)
values('SU001','P003','W001',Date '2018-08-08',10,50.00);
Insert into F18_25_Supplier_purchase(Supplier_ID,Product_ID,Warehouse_ID,Sup_buy_date,Quantity,Purchase_price)
values('SU001','P007','W001',Date '2018-08-08',10,70.00);
Insert into F18_25_Supplier_purchase(Supplier_ID,Product_ID,Warehouse_ID,Sup_buy_date,Quantity,Purchase_price)
values('SU001','P018','W001',Date '2018-08-08',10,60.00);
Insert into F18_25_Supplier_purchase(Supplier_ID,Product_ID,Warehouse_ID,Sup_buy_date,Quantity,Purchase_price)
values('SU001','P019','W001',Date '2018-08-08',10,70.00);
Insert into F18_25_Supplier_purchase(Supplier_ID,Product_ID,Warehouse_ID,Sup_buy_date,Quantity,Purchase_price)
values('SU001','P022','W001',Date '2018-08-08',10,70.00);

Insert into F18_25_Supplier_purchase(Supplier_ID,Product_ID,Warehouse_ID,Sup_buy_date,Quantity,Purchase_price)
values('SU002','P001','W001',Date '2018-08-09',10,50.00);
Insert into F18_25_Supplier_purchase(Supplier_ID,Product_ID,Warehouse_ID,Sup_buy_date,Quantity,Purchase_price)
values('SU002','P012','W001',Date '2018-08-09',10,100.00);
Insert into F18_25_Supplier_purchase(Supplier_ID,Product_ID,Warehouse_ID,Sup_buy_date,Quantity,Purchase_price)
values('SU002','P004','W001',Date '2018-08-09',10,60.00);
Insert into F18_25_Supplier_purchase(Supplier_ID,Product_ID,Warehouse_ID,Sup_buy_date,Quantity,Purchase_price)
values('SU002','P005','W001',Date '2018-08-09',10,50.00);
Insert into F18_25_Supplier_purchase(Supplier_ID,Product_ID,Warehouse_ID,Sup_buy_date,Quantity,Purchase_price)
values('SU002','P006','W001',Date '2018-08-09',10,70.00);
Insert into F18_25_Supplier_purchase(Supplier_ID,Product_ID,Warehouse_ID,Sup_buy_date,Quantity,Purchase_price)
values('SU002','P015','W001',Date '2018-08-09',10,60.00);
Insert into F18_25_Supplier_purchase(Supplier_ID,Product_ID,Warehouse_ID,Sup_buy_date,Quantity,Purchase_price)
values('SU002','P019','W001',Date '2018-08-09',10,70.00);
Insert into F18_25_Supplier_purchase(Supplier_ID,Product_ID,Warehouse_ID,Sup_buy_date,Quantity,Purchase_price)
values('SU002','P020','W001',Date '2018-08-09',10,70.00);

Insert into F18_25_Supplier_purchase(Supplier_ID,Product_ID,Warehouse_ID,Sup_buy_date,Quantity,Purchase_price)
values('SU004','P021','W001',Date '2018-08-10',10,50.00);
Insert into F18_25_Supplier_purchase(Supplier_ID,Product_ID,Warehouse_ID,Sup_buy_date,Quantity,Purchase_price)
values('SU004','P012','W001',Date '2018-08-10',10,100.00);
Insert into F18_25_Supplier_purchase(Supplier_ID,Product_ID,Warehouse_ID,Sup_buy_date,Quantity,Purchase_price)
values('SU004','P014','W001',Date '2018-08-10',10,60.00);
Insert into F18_25_Supplier_purchase(Supplier_ID,Product_ID,Warehouse_ID,Sup_buy_date,Quantity,Purchase_price)
values('SU004','P040','W001',Date '2018-08-10',10,50.00);
Insert into F18_25_Supplier_purchase(Supplier_ID,Product_ID,Warehouse_ID,Sup_buy_date,Quantity,Purchase_price)
values('SU004','P016','W001',Date '2018-08-10',10,70.00);
Insert into F18_25_Supplier_purchase(Supplier_ID,Product_ID,Warehouse_ID,Sup_buy_date,Quantity,Purchase_price)
values('SU004','P018','W001',Date '2018-08-10',10,60.00);
Insert into F18_25_Supplier_purchase(Supplier_ID,Product_ID,Warehouse_ID,Sup_buy_date,Quantity,Purchase_price)
values('SU004','P033','W001',Date '2018-08-10',10,70.00);
Insert into F18_25_Supplier_purchase(Supplier_ID,Product_ID,Warehouse_ID,Sup_buy_date,Quantity,Purchase_price)
values('SU004','P020','W001',Date '2018-08-10',10,70.00);

Insert into F18_25_Supplier_purchase(Supplier_ID,Product_ID,Warehouse_ID,Sup_buy_date,Quantity,Purchase_price)
values('SU005','P030','W001',Date '2018-08-10',10,50.00);
Insert into F18_25_Supplier_purchase(Supplier_ID,Product_ID,Warehouse_ID,Sup_buy_date,Quantity,Purchase_price)
values('SU005','P032','W001',Date '2018-08-10',10,100.00);
Insert into F18_25_Supplier_purchase(Supplier_ID,Product_ID,Warehouse_ID,Sup_buy_date,Quantity,Purchase_price)
values('SU005','P034','W001',Date '2018-08-10',10,60.00);
Insert into F18_25_Supplier_purchase(Supplier_ID,Product_ID,Warehouse_ID,Sup_buy_date,Quantity,Purchase_price)
values('SU005','P040','W001',Date '2018-08-10',10,50.00);
Insert into F18_25_Supplier_purchase(Supplier_ID,Product_ID,Warehouse_ID,Sup_buy_date,Quantity,Purchase_price)
values('SU005','P036','W001',Date '2018-08-10',10,70.00);
Insert into F18_25_Supplier_purchase(Supplier_ID,Product_ID,Warehouse_ID,Sup_buy_date,Quantity,Purchase_price)
values('SU005','P028','W001',Date '2018-08-10',10,60.00);
Insert into F18_25_Supplier_purchase(Supplier_ID,Product_ID,Warehouse_ID,Sup_buy_date,Quantity,Purchase_price)
values('SU005','P023','W001',Date '2018-08-10',10,70.00);
Insert into F18_25_Supplier_purchase(Supplier_ID,Product_ID,Warehouse_ID,Sup_buy_date,Quantity,Purchase_price)
values('SU005','P010','W001',Date '2018-08-10',10,70.00);

Insert into F18_25_Supplier_purchase(Supplier_ID,Product_ID,Warehouse_ID,Sup_buy_date,Quantity,Purchase_price)
values('SU007','P011','W001',Date '2018-08-11',10,50.00);
Insert into F18_25_Supplier_purchase(Supplier_ID,Product_ID,Warehouse_ID,Sup_buy_date,Quantity,Purchase_price)
values('SU007','P012','W001',Date '2018-08-11',10,100.00);
Insert into F18_25_Supplier_purchase(Supplier_ID,Product_ID,Warehouse_ID,Sup_buy_date,Quantity,Purchase_price)
values('SU007','P024','W001',Date '2018-08-11',10,60.00);
Insert into F18_25_Supplier_purchase(Supplier_ID,Product_ID,Warehouse_ID,Sup_buy_date,Quantity,Purchase_price)
values('SU007','P020','W001',Date '2018-08-11',10,50.00);
Insert into F18_25_Supplier_purchase(Supplier_ID,Product_ID,Warehouse_ID,Sup_buy_date,Quantity,Purchase_price)
values('SU007','P026','W001',Date '2018-08-11',10,70.00);
Insert into F18_25_Supplier_purchase(Supplier_ID,Product_ID,Warehouse_ID,Sup_buy_date,Quantity,Purchase_price)
values('SU007','P038','W001',Date '2018-08-11',10,60.00);
Insert into F18_25_Supplier_purchase(Supplier_ID,Product_ID,Warehouse_ID,Sup_buy_date,Quantity,Purchase_price)
values('SU007','P033','W001',Date '2018-08-11',10,70.00);
Insert into F18_25_Supplier_purchase(Supplier_ID,Product_ID,Warehouse_ID,Sup_buy_date,Quantity,Purchase_price)
values('SU007','P017','W001',Date '2018-08-11',10,70.00);

Insert into F18_25_Supplier_purchase(Supplier_ID,Product_ID,Warehouse_ID,Sup_buy_date,Quantity,Purchase_price)
values('SU001','P001','W002',Date '2018-08-12',10,50.00);
Insert into F18_25_Supplier_purchase(Supplier_ID,Product_ID,Warehouse_ID,Sup_buy_date,Quantity,Purchase_price)
values('SU001','P013','W002',Date '2018-08-12',10,100.00);
Insert into F18_25_Supplier_purchase(Supplier_ID,Product_ID,Warehouse_ID,Sup_buy_date,Quantity,Purchase_price)
values('SU001','P006','W002',Date '2018-08-12',10,60.00);
Insert into F18_25_Supplier_purchase(Supplier_ID,Product_ID,Warehouse_ID,Sup_buy_date,Quantity,Purchase_price)
values('SU001','P003','W002',Date '2018-08-12',10,50.00);
Insert into F18_25_Supplier_purchase(Supplier_ID,Product_ID,Warehouse_ID,Sup_buy_date,Quantity,Purchase_price)
values('SU001','P007','W002',Date '2018-08-12',10,70.00);
Insert into F18_25_Supplier_purchase(Supplier_ID,Product_ID,Warehouse_ID,Sup_buy_date,Quantity,Purchase_price)
values('SU001','P018','W002',Date '2018-08-12',10,60.00);
Insert into F18_25_Supplier_purchase(Supplier_ID,Product_ID,Warehouse_ID,Sup_buy_date,Quantity,Purchase_price)
values('SU001','P019','W002',Date '2018-08-12',10,70.00);
Insert into F18_25_Supplier_purchase(Supplier_ID,Product_ID,Warehouse_ID,Sup_buy_date,Quantity,Purchase_price)
values('SU001','P022','W002',Date '2018-08-12',10,70.00);

Insert into F18_25_Supplier_purchase(Supplier_ID,Product_ID,Warehouse_ID,Sup_buy_date,Quantity,Purchase_price)
values('SU002','P001','W002',Date '2018-08-13',10,50.00);
Insert into F18_25_Supplier_purchase(Supplier_ID,Product_ID,Warehouse_ID,Sup_buy_date,Quantity,Purchase_price)
values('SU002','P012','W002',Date '2018-08-13',10,100.00);
Insert into F18_25_Supplier_purchase(Supplier_ID,Product_ID,Warehouse_ID,Sup_buy_date,Quantity,Purchase_price)
values('SU002','P004','W002',Date '2018-08-13',10,60.00);
Insert into F18_25_Supplier_purchase(Supplier_ID,Product_ID,Warehouse_ID,Sup_buy_date,Quantity,Purchase_price)
values('SU002','P005','W002',Date '2018-08-13',10,50.00);
Insert into F18_25_Supplier_purchase(Supplier_ID,Product_ID,Warehouse_ID,Sup_buy_date,Quantity,Purchase_price)
values('SU002','P006','W002',Date '2018-08-13',10,70.00);
Insert into F18_25_Supplier_purchase(Supplier_ID,Product_ID,Warehouse_ID,Sup_buy_date,Quantity,Purchase_price)
values('SU002','P015','W002',Date '2018-08-13',10,60.00);
Insert into F18_25_Supplier_purchase(Supplier_ID,Product_ID,Warehouse_ID,Sup_buy_date,Quantity,Purchase_price)
values('SU002','P019','W002',Date '2018-08-13',10,70.00);
Insert into F18_25_Supplier_purchase(Supplier_ID,Product_ID,Warehouse_ID,Sup_buy_date,Quantity,Purchase_price)
values('SU002','P020','W002',Date '2018-08-13',10,70.00);

Insert into F18_25_Supplier_purchase(Supplier_ID,Product_ID,Warehouse_ID,Sup_buy_date,Quantity,Purchase_price)
values('SU004','P021','W002',Date '2018-08-14',10,50.00);
Insert into F18_25_Supplier_purchase(Supplier_ID,Product_ID,Warehouse_ID,Sup_buy_date,Quantity,Purchase_price)
values('SU004','P012','W002',Date '2018-08-14',10,100.00);
Insert into F18_25_Supplier_purchase(Supplier_ID,Product_ID,Warehouse_ID,Sup_buy_date,Quantity,Purchase_price)
values('SU004','P014','W002',Date '2018-08-14',10,60.00);
Insert into F18_25_Supplier_purchase(Supplier_ID,Product_ID,Warehouse_ID,Sup_buy_date,Quantity,Purchase_price)
values('SU004','P040','W002',Date '2018-08-14',10,50.00);
Insert into F18_25_Supplier_purchase(Supplier_ID,Product_ID,Warehouse_ID,Sup_buy_date,Quantity,Purchase_price)
values('SU004','P016','W002',Date '2018-08-14',10,70.00);
Insert into F18_25_Supplier_purchase(Supplier_ID,Product_ID,Warehouse_ID,Sup_buy_date,Quantity,Purchase_price)
values('SU004','P018','W002',Date '2018-08-14',10,60.00);
Insert into F18_25_Supplier_purchase(Supplier_ID,Product_ID,Warehouse_ID,Sup_buy_date,Quantity,Purchase_price)
values('SU004','P033','W002',Date '2018-08-14',10,70.00);
Insert into F18_25_Supplier_purchase(Supplier_ID,Product_ID,Warehouse_ID,Sup_buy_date,Quantity,Purchase_price)
values('SU004','P020','W002',Date '2018-08-14',10,70.00);

Insert into F18_25_Supplier_purchase(Supplier_ID,Product_ID,Warehouse_ID,Sup_buy_date,Quantity,Purchase_price)
values('SU009','P011','W002',Date '2018-08-14',10,50.00);
Insert into F18_25_Supplier_purchase(Supplier_ID,Product_ID,Warehouse_ID,Sup_buy_date,Quantity,Purchase_price)
values('SU009','P012','W002',Date '2018-08-14',10,100.00);
Insert into F18_25_Supplier_purchase(Supplier_ID,Product_ID,Warehouse_ID,Sup_buy_date,Quantity,Purchase_price)
values('SU009','P024','W002',Date '2018-08-14',10,60.00);
Insert into F18_25_Supplier_purchase(Supplier_ID,Product_ID,Warehouse_ID,Sup_buy_date,Quantity,Purchase_price)
values('SU009','P020','W002',Date '2018-08-14',10,50.00);
Insert into F18_25_Supplier_purchase(Supplier_ID,Product_ID,Warehouse_ID,Sup_buy_date,Quantity,Purchase_price)
values('SU009','P026','W002',Date '2018-08-14',10,70.00);
Insert into F18_25_Supplier_purchase(Supplier_ID,Product_ID,Warehouse_ID,Sup_buy_date,Quantity,Purchase_price)
values('SU009','P038','W002',Date '2018-08-14',10,60.00);
Insert into F18_25_Supplier_purchase(Supplier_ID,Product_ID,Warehouse_ID,Sup_buy_date,Quantity,Purchase_price)
values('SU009','P033','W002',Date '2018-08-14',10,70.00);
Insert into F18_25_Supplier_purchase(Supplier_ID,Product_ID,Warehouse_ID,Sup_buy_date,Quantity,Purchase_price)
values('SU009','P017','W002',Date '2018-08-14',10,70.00);

Insert into F18_25_Supplier_purchase(Supplier_ID,Product_ID,Warehouse_ID,Sup_buy_date,Quantity,Purchase_price)
values('SU001','P001','W003',Date '2018-08-08',10,50.00);
Insert into F18_25_Supplier_purchase(Supplier_ID,Product_ID,Warehouse_ID,Sup_buy_date,Quantity,Purchase_price)
values('SU001','P013','W003',Date '2018-08-08',10,100.00);
Insert into F18_25_Supplier_purchase(Supplier_ID,Product_ID,Warehouse_ID,Sup_buy_date,Quantity,Purchase_price)
values('SU001','P006','W003',Date '2018-08-08',10,60.00);
Insert into F18_25_Supplier_purchase(Supplier_ID,Product_ID,Warehouse_ID,Sup_buy_date,Quantity,Purchase_price)
values('SU001','P003','W003',Date '2018-08-08',10,50.00);
Insert into F18_25_Supplier_purchase(Supplier_ID,Product_ID,Warehouse_ID,Sup_buy_date,Quantity,Purchase_price)
values('SU001','P007','W003',Date '2018-08-08',10,70.00);
Insert into F18_25_Supplier_purchase(Supplier_ID,Product_ID,Warehouse_ID,Sup_buy_date,Quantity,Purchase_price)
values('SU001','P018','W003',Date '2018-08-08',10,60.00);
Insert into F18_25_Supplier_purchase(Supplier_ID,Product_ID,Warehouse_ID,Sup_buy_date,Quantity,Purchase_price)
values('SU001','P019','W003',Date '2018-08-08',10,70.00);
Insert into F18_25_Supplier_purchase(Supplier_ID,Product_ID,Warehouse_ID,Sup_buy_date,Quantity,Purchase_price)
values('SU001','P022','W003',Date '2018-08-08',10,70.00);

Insert into F18_25_Supplier_purchase(Supplier_ID,Product_ID,Warehouse_ID,Sup_buy_date,Quantity,Purchase_price)
values('SU008','P001','W003',Date '2018-08-09',10,50.00);
Insert into F18_25_Supplier_purchase(Supplier_ID,Product_ID,Warehouse_ID,Sup_buy_date,Quantity,Purchase_price)
values('SU008','P012','W003',Date '2018-08-09',10,100.00);
Insert into F18_25_Supplier_purchase(Supplier_ID,Product_ID,Warehouse_ID,Sup_buy_date,Quantity,Purchase_price)
values('SU008','P004','W003',Date '2018-08-09',10,60.00);
Insert into F18_25_Supplier_purchase(Supplier_ID,Product_ID,Warehouse_ID,Sup_buy_date,Quantity,Purchase_price)
values('SU008','P005','W003',Date '2018-08-09',10,50.00);
Insert into F18_25_Supplier_purchase(Supplier_ID,Product_ID,Warehouse_ID,Sup_buy_date,Quantity,Purchase_price)
values('SU008','P006','W003',Date '2018-08-09',10,70.00);
Insert into F18_25_Supplier_purchase(Supplier_ID,Product_ID,Warehouse_ID,Sup_buy_date,Quantity,Purchase_price)
values('SU008','P015','W003',Date '2018-08-09',10,60.00);
Insert into F18_25_Supplier_purchase(Supplier_ID,Product_ID,Warehouse_ID,Sup_buy_date,Quantity,Purchase_price)
values('SU008','P019','W003',Date '2018-08-09',10,70.00);
Insert into F18_25_Supplier_purchase(Supplier_ID,Product_ID,Warehouse_ID,Sup_buy_date,Quantity,Purchase_price)
values('SU008','P020','W003',Date '2018-08-09',10,70.00);

Insert into F18_25_Supplier_purchase(Supplier_ID,Product_ID,Warehouse_ID,Sup_buy_date,Quantity,Purchase_price)
values('SU007','P021','W003',Date '2018-08-10',10,50.00);
Insert into F18_25_Supplier_purchase(Supplier_ID,Product_ID,Warehouse_ID,Sup_buy_date,Quantity,Purchase_price)
values('SU007','P012','W003',Date '2018-08-10',10,100.00);
Insert into F18_25_Supplier_purchase(Supplier_ID,Product_ID,Warehouse_ID,Sup_buy_date,Quantity,Purchase_price)
values('SU007','P014','W003',Date '2018-08-10',10,60.00);
Insert into F18_25_Supplier_purchase(Supplier_ID,Product_ID,Warehouse_ID,Sup_buy_date,Quantity,Purchase_price)
values('SU007','P040','W003',Date '2018-08-10',10,50.00);
Insert into F18_25_Supplier_purchase(Supplier_ID,Product_ID,Warehouse_ID,Sup_buy_date,Quantity,Purchase_price)
values('SU007','P016','W003',Date '2018-08-10',10,70.00);
Insert into F18_25_Supplier_purchase(Supplier_ID,Product_ID,Warehouse_ID,Sup_buy_date,Quantity,Purchase_price)
values('SU007','P018','W003',Date '2018-08-10',10,60.00);
Insert into F18_25_Supplier_purchase(Supplier_ID,Product_ID,Warehouse_ID,Sup_buy_date,Quantity,Purchase_price)
values('SU007','P033','W003',Date '2018-08-10',10,70.00);
Insert into F18_25_Supplier_purchase(Supplier_ID,Product_ID,Warehouse_ID,Sup_buy_date,Quantity,Purchase_price)
values('SU007','P020','W003',Date '2018-08-10',10,70.00);

Insert into F18_25_Supplier_purchase(Supplier_ID,Product_ID,Warehouse_ID,Sup_buy_date,Quantity,Purchase_price)
values('SU010','P030','W003',Date '2018-08-10',10,50.00);
Insert into F18_25_Supplier_purchase(Supplier_ID,Product_ID,Warehouse_ID,Sup_buy_date,Quantity,Purchase_price)
values('SU010','P032','W003',Date '2018-08-10',10,100.00);
Insert into F18_25_Supplier_purchase(Supplier_ID,Product_ID,Warehouse_ID,Sup_buy_date,Quantity,Purchase_price)
values('SU010','P034','W003',Date '2018-08-10',10,60.00);
Insert into F18_25_Supplier_purchase(Supplier_ID,Product_ID,Warehouse_ID,Sup_buy_date,Quantity,Purchase_price)
values('SU010','P040','W003',Date '2018-08-10',10,50.00);
Insert into F18_25_Supplier_purchase(Supplier_ID,Product_ID,Warehouse_ID,Sup_buy_date,Quantity,Purchase_price)
values('SU010','P036','W003',Date '2018-08-10',10,70.00);
Insert into F18_25_Supplier_purchase(Supplier_ID,Product_ID,Warehouse_ID,Sup_buy_date,Quantity,Purchase_price)
values('SU010','P028','W003',Date '2018-08-10',10,60.00);
Insert into F18_25_Supplier_purchase(Supplier_ID,Product_ID,Warehouse_ID,Sup_buy_date,Quantity,Purchase_price)
values('SU010','P023','W003',Date '2018-08-10',10,70.00);
Insert into F18_25_Supplier_purchase(Supplier_ID,Product_ID,Warehouse_ID,Sup_buy_date,Quantity,Purchase_price)
values('SU010','P010','W003',Date '2018-08-10',10,70.00);

Insert into F18_25_Supplier_purchase(Supplier_ID,Product_ID,Warehouse_ID,Sup_buy_date,Quantity,Purchase_price)
values('SU003','P011','W003',Date '2018-08-11',10,50.00);
Insert into F18_25_Supplier_purchase(Supplier_ID,Product_ID,Warehouse_ID,Sup_buy_date,Quantity,Purchase_price)
values('SU003','P012','W003',Date '2018-08-11',10,100.00);
Insert into F18_25_Supplier_purchase(Supplier_ID,Product_ID,Warehouse_ID,Sup_buy_date,Quantity,Purchase_price)
values('SU003','P024','W003',Date '2018-08-11',10,60.00);
Insert into F18_25_Supplier_purchase(Supplier_ID,Product_ID,Warehouse_ID,Sup_buy_date,Quantity,Purchase_price)
values('SU003','P020','W003',Date '2018-08-11',10,50.00);
Insert into F18_25_Supplier_purchase(Supplier_ID,Product_ID,Warehouse_ID,Sup_buy_date,Quantity,Purchase_price)
values('SU003','P026','W003',Date '2018-08-11',10,70.00);
Insert into F18_25_Supplier_purchase(Supplier_ID,Product_ID,Warehouse_ID,Sup_buy_date,Quantity,Purchase_price)
values('SU003','P038','W003',Date '2018-08-11',10,60.00);
Insert into F18_25_Supplier_purchase(Supplier_ID,Product_ID,Warehouse_ID,Sup_buy_date,Quantity,Purchase_price)
values('SU003','P033','W003',Date '2018-08-11',10,70.00);
Insert into F18_25_Supplier_purchase(Supplier_ID,Product_ID,Warehouse_ID,Sup_buy_date,Quantity,Purchase_price)
values('SU003','P017','W003',Date '2018-08-11',10,70.00);

/*Insert for Call_order_customer */
Insert into F18_25_Call_Order_Customer(Cust_ID ,Address, Cust_Contact)
values ('C003', '76010','9443155074');
Insert into F18_25_Call_Order_Customer(Cust_ID ,Address, Cust_Contact)
values ('C004', '76011','9443155074');
Insert into F18_25_Call_Order_Customer(Cust_ID ,Address, Cust_Contact)
values ('C006', '76009','9443155074');
Insert into F18_25_Call_Order_Customer(Cust_ID ,Address, Cust_Contact)
values ('C007', '76010','9443155074');
Insert into F18_25_Call_Order_Customer(Cust_ID ,Address, Cust_Contact)
values ('C019', '76009','9443155074');
Insert into F18_25_Call_Order_Customer(Cust_ID ,Address, Cust_Contact)
values ('C020', '76011','9443155074');
Insert into F18_25_Call_Order_Customer(Cust_ID ,Address, Cust_Contact)
values ('C024', '76010','9443155074');
Insert into F18_25_Call_Order_Customer(Cust_ID ,Address, Cust_Contact)
values ('C030', '76010','9443155074');
Insert into F18_25_Call_Order_Customer(Cust_ID ,Address, Cust_Contact)
values ('C031', '76010','9443155074');
Insert into F18_25_Call_Order_Customer(Cust_ID ,Address, Cust_Contact)
values ('C033', '76011','9443155074');
Insert into F18_25_Call_Order_Customer(Cust_ID ,Address, Cust_Contact)
values ('C036', '76009','9443155074');
Insert into F18_25_Call_Order_Customer(Cust_ID ,Address, Cust_Contact)
values ('C037', '76010','9443155074');
Insert into F18_25_Call_Order_Customer(Cust_ID ,Address, Cust_Contact)
values ('C038', '76011','9443155074');
Insert into F18_25_Call_Order_Customer(Cust_ID ,Address, Cust_Contact)
values ('C039', '76010','9443155074');

INSERT INTO F18_25_DELIVERY(STR_ID,CUST_ID,Delivery_date,STAGE)
VALUES('S01','C003',DATE '2018-08-13',3);
INSERT INTO F18_25_DELIVERY(STR_ID,CUST_ID,Delivery_date,STAGE)
VALUES('S02','C004',DATE '2018-08-16',1);
INSERT INTO F18_25_DELIVERY(STR_ID,CUST_ID,Delivery_date,STAGE)
VALUES('S02','C003',DATE '2018-08-24',2);
INSERT INTO F18_25_DELIVERY(STR_ID,CUST_ID,Delivery_date,STAGE)
VALUES('S03','C003',DATE '2018-08-24',3);
INSERT INTO F18_25_DELIVERY(STR_ID,CUST_ID,Delivery_date,STAGE)
VALUES('S01','C006',DATE '2018-08-26',1);
INSERT INTO F18_25_DELIVERY(STR_ID,CUST_ID,Delivery_date,STAGE)
VALUES('S03','C007',DATE '2018-08-26',2);
INSERT INTO F18_25_DELIVERY(STR_ID,CUST_ID,Delivery_date,STAGE)
VALUES('S02','C019',DATE '2018-08-26',3);
INSERT INTO F18_25_DELIVERY(STR_ID,CUST_ID,Delivery_date,STAGE)
VALUES('S03','C020',DATE '2018-08-30',1);
INSERT INTO F18_25_DELIVERY(STR_ID,CUST_ID,Delivery_date,STAGE)
VALUES('S02','C024',DATE '2018-09-01',2);
INSERT INTO F18_25_DELIVERY(STR_ID,CUST_ID,Delivery_date,STAGE)
VALUES('S01','C031',DATE '2018-09-05',3);
INSERT INTO F18_25_DELIVERY(STR_ID,CUST_ID,Delivery_date,STAGE)
VALUES('S03','C037',DATE '2018-09-09',2);
INSERT INTO F18_25_DELIVERY(STR_ID,CUST_ID,Delivery_date,STAGE)
VALUES('S01','C038',DATE '2018-09-15',1);
INSERT INTO F18_25_DELIVERY(STR_ID,CUST_ID,Delivery_date,STAGE)
VALUES('S02','C039',DATE '2018-09-28',3);
commit;